ID,y
1,79.513
2,93.687
3,79.827
4,77.857
5,110.38
8,91.37
10,110.43
11,92.431
12,116.72
14,93.677
15,115.8
16,103.19
17,96.92
19,93.664
20,107.1
21,95.676
22,116.58
23,97.155
26,94.046
28,95.423
29,97.155
33,97.155
35,94.293
41,97.048
42,94.879
43,117.98
45,105.35
46,101.13
51,93.886
53,80.58
55,114.12
56,93.311
57,104.68
58,93.22
59,104.36
63,111.76
64,95.445
65,104.98
69,93.17
71,96.086
72,103.13
73,93.114
76,104.17
77,108.54
78,113.94
82,94.534
83,104.98
84,94.561
85,103.11
87,111.6
88,97.048
89,113.48
91,93.605
93,93.681
94,105.78
95,94.456
96,111.58
97,94.048
98,112.03
99,93.307
101,103.9
103,113.48
104,91.29
105,110.62
110,95.377
111,109.87
113,112.76
114,93.637
115,110.6
117,113.48
120,92.126
121,114
122,95.017
123,111.92
126,112.34
132,111.55
135,105.78
137,104.67
138,95.103
140,92.4
142,111.72
144,113.14
148,90.758
149,112.49
155,94.569
156,112.01
157,94.048
162,112.73
163,95.023
167,92.08
172,117.98
179,112.07
180,95.106
181,110.23
182,95.299
183,113.48
185,113.48
187,112.62
188,93.838
189,93.845
191,92.233
192,114.83
193,95.256
194,111.94
195,92.4
196,114.51
198,97.181
199,112.52
201,106.5
204,94.717
205,104.38
206,94.324
210,94.447
211,103.9
216,112.8
219,116.84
220,92.827
221,109.81
226,110.23
227,92.917
228,111.62
230,111.21
231,94.048
235,116.71
236,92.691
238,111.77
242,106.28
243,93.074
244,76.657
245,111.33
247,111.52
248,92.893
249,94.096
250,112.95
251,92.691
253,116.71
254,92.944
256,94.979
257,93.511
258,113.89
259,93.994
262,82.124
266,94.086
267,111.47
272,102.53
273,113.48
275,95.359
276,115.39
279,94.428
280,104.98
283,93.476
285,111.79
288,113.48
289,94.645
290,107.4
291,94.699
292,110.28
293,109.32
296,96.136
297,111.71
298,114.74
299,94.412
304,91.157
305,78.219
306,94.347
307,110.81
311,111.57
313,111.03
314,92.2
316,92.579
324,91.75
327,95.206
329,92.368
330,111.59
337,105.94
338,94.013
339,104.94
340,94.77
343,92.538
345,115.81
346,93.344
347,111.63
349,113.92
350,91.13
352,112.96
353,91.548
354,77.256
357,92.674
358,110.77
362,112.76
364,114.27
365,103.07
366,93.626
367,113.13
368,95.476
370,79.652
373,92.931
377,92.229
378,108.63
382,104.05
384,111.5
390,93.828
392,110.99
393,111.06
395,95.348
396,106.5
399,77.747
406,111.03
408,111.03
409,92.397
410,77.389
412,113.5
413,92.335
419,94.319
420,111.24
421,91.257
430,97.456
434,93.478
436,95.008
437,92.358
438,92.451
439,111.52
440,93.529
443,113.73
446,93.66
448,93.422
452,93.155
453,105.17
457,104.64
458,93.395
459,115.6
460,103.44
462,105.21
464,102.61
465,116.72
467,116.48
471,111.72
472,77.963
473,93.374
475,94.903
480,93.683
488,109.16
490,110.81
491,101.83
492,79.183
493,92.844
497,91.376
498,113.09
499,94.095
500,100.97
501,94.092
502,109.76
506,78.005
510,106.23
511,91.166
512,92.592
516,92.135
518,93.512
519,111.18
521,90.953
522,110.62
526,112.67
529,96.21
532,111.67
533,95.173
536,112.37
537,96.436
539,95.06
540,102.87
541,94.092
543,94.418
546,112.8
547,92.236
548,78.49
551,92.404
552,103.24
556,105.53
557,96.084
558,113.13
559,95.375
560,102.77
562,104.36
566,95.292
570,113.09
571,92.358
572,104.86
573,94.53
575,116.72
576,110.64
577,92.58
579,91.255
580,109.79
581,112.13
589,110.81
591,101.98
593,94.982
594,107.36
595,94.028
598,91.497
602,110.85
604,114.29
606,110.27
608,93.151
609,103.78
610,93.075
616,110.12
617,94.565
618,103.58
620,104.52
622,111.25
623,91.948
624,113.38
626,110.7
628,112.27
629,95.357
630,111.09
637,94.67
638,105.29
643,98.025
645,93.683
646,115.26
648,97.271
652,94.498
653,91.661
654,113.09
656,112.41
657,95.061
659,98.024
660,103.97
663,92.403
664,113.74
666,102.43
668,108.83
669,93.96
671,96.015
675,91.895
677,91.086
678,110.86
679,106.14
682,94.685
685,103.77
687,94.67
688,90.731
693,110.16
696,94.552
698,92.451
701,97.989
704,105.43
705,116.9
709,112.65
710,93.831
711,106.22
712,93.293
714,109.7
715,94.153
716,110.93
717,93.363
720,115.93
721,92.233
724,102.51
725,94.445
726,110.78
728,111.17
731,92.589
734,104.36
738,92.723
745,110.69
746,91.833
751,77.033
754,92.819
756,93.923
758,92.496
759,110.41
761,116.87
766,94.029
767,112.07
768,92.07
769,112.81
770,92.921
771,79.305
772,105.18
773,92.421
774,112.42
776,111.62
777,92.698
780,117.98
782,102.99
787,103.33
788,95.183
792,91.159
793,113.33
798,93.813
800,91.348
806,110.93
809,111.23
811,112.89
812,92.1
814,116.84
816,102.88
817,95.554
818,111.16
820,110.57
823,94.333
829,90.734
830,112.23
831,89.981
834,110.09
839,95.402
841,76.667
844,103
845,94.109
848,91.279
850,92.733
851,103.52
852,95.168
854,92.059
855,94.582
856,104.98
859,102.31
861,112.42
864,93.646
865,111.72
866,91.994
867,91.909
869,93.52
871,89.409
872,110.93
882,102.56
883,93.6
885,95.26
888,95.21
893,109.44
901,110.28
903,101.95
904,92.666
905,104.64
910,94.717
911,110.56
914,112.53
918,112.3
921,90.752
928,95.727
929,104.93
932,95.314
933,106.13
934,94.717
935,112.59
937,77.41
939,94.534
940,99.064
941,94.362
942,103.6
943,93.108
944,102.88
947,110.93
949,111.58
951,109.84
952,95.514
953,101.95
954,78.368
957,111.36
959,93.097
960,114.53
963,116.84
965,110.93
967,103.37
971,95.579
972,77.866
973,93.643
974,112.26
975,93.508
978,118.26
980,114.13
981,94.765
984,112.66
986,94.717
988,92.07
989,109.99
990,104.45
992,110.28
996,91.792
999,112.85
1000,91.765
1001,111.72
1002,91.215
1003,111.62
1004,92.641
1008,109.92
1009,95.399
1010,108.18
1012,114.61
1013,90.387
1014,111.42
1015,92.397
1016,116.74
1019,93.077
1020,111.59
1021,94.717
1022,105.3
1024,94.717
1025,79.718
1027,93.631
1028,104.83
1029,95.127
1030,92.989
1033,113.8
1036,92.021
1037,110.04
1038,90.762
1042,94.534
1043,101.78
1044,92.828
1045,111.53
1047,116.03
1050,94.764
1051,110.13
1054,93.517
1056,94.765
1057,93.824
1059,94.007
1062,97.254
1063,102.98
1064,94.765
1066,91.919
1070,104.54
1076,112.17
1077,95.404
1078,112.69
1080,112.99
1082,113.19
1083,94.513
1089,112.01
1091,95.82
1093,94.772
1097,95.66
1099,92.197
1101,95.327
1103,95.158
1104,111.78
1106,112.4
1109,95.957
1110,111.63
1111,94.74
1112,113.56
1114,94.496
1116,94.135
1117,112.33
1120,93.871
1124,112.67
1125,94.941
1126,113.07
1134,110.99
1137,93.241
1138,113.17
1144,111.46
1145,94.76
1146,92.932
1148,94.806
1150,92.96
1152,103.61
1153,92.033
1154,106.38
1155,94.447
1157,93.461
1162,95.144
1165,112.34
1166,95.655
1167,105.62
1168,95.711
1169,102.92
1171,117.32
1172,96.826
1173,102.92
1174,94.809
1176,95.424
1177,105.55
1178,93.407
1182,111.96
1186,94.416
1187,116.19
1188,94.706
1189,118.59
1191,105.59
1192,94.884
1197,112.54
1198,92.34
1200,78.639
1201,93.823
1203,96.258
1209,117.45
1214,102.82
1218,111.74
1222,94.749
1226,98.152
1228,94.699
1230,90.556
1232,78.035
1233,96.764
1236,116.41
1238,94.098
1241,111.46
1244,104.42
1246,95.147
1247,114.67
1250,111.76
1251,94.424
1254,112.61
1255,95.49
1256,111.26
1257,93.441
1258,91.925
1259,112.15
1260,95.712
1263,110.85
1267,76.863
1268,110.83
1271,95.003
1272,110.05
1274,103.94
1275,95.144
1276,110.74
1277,92.537
1279,92.932
1281,95.56
1282,94.706
1283,112.94
1285,114.04
1286,93.86
1289,112.66
1296,114.72
1299,92.352
1301,92.402
1306,92.919
1307,94.475
1308,92.373
1313,110.74
1314,96.189
1315,111.63
1316,94.151
1317,110.97
1319,92.8
1323,93.619
1324,105.28
1325,95.577
1328,102.37
1329,95.563
1330,113.03
1331,93.746
1332,106.23
1337,93.592
1338,111.47
1339,91.686
1340,113.15
1343,111.24
1347,102.8
1348,95.654
1349,106.37
1352,93.083
1354,95.949
1359,112.11
1360,94.681
1363,111.12
1364,95.312
1365,105.32
1366,95.229
1372,96.192
1375,104.94
1376,94.324
1378,90.359
1379,113.14
1380,95.477
1381,103.07
1384,115.12
1387,92.503
1388,113.29
1392,75.523
1394,105.66
1395,95.254
1396,111.91
1398,95.012
1399,111.91
1400,92.291
1401,93.495
1403,98.062
1404,114.29
1406,111.91
1407,94.386
1408,111
1410,77.013
1412,111.69
1413,95.23
1415,96.652
1420,111
1422,111.89
1423,108.58
1424,111
1425,97.704
1426,77.013
1427,96.408
1429,90.849
1430,111.63
1431,95.565
1432,106.43
1434,111.72
1437,95.683
1438,105.31
1440,113.76
1441,113.17
1442,93.557
1444,112.98
1445,96.169
1446,104.4
1448,92.432
1453,93.223
1454,111.69
1455,95.034
1456,115.67
1458,111.69
1459,93.227
1461,93.663
1465,92.503
1466,110.53
1469,93.77
1472,93.223
1474,94.833
1477,113.91
1479,110.75
1482,90.941
1483,77.321
1487,94.378
1488,113.97
1490,112.86
1492,112.92
1494,118.64
1496,105.75
1497,94.163
1499,97.506
1502,92.628
1507,114.64
1508,93.083
1509,111.55
1511,92.593
1512,111.79
1513,114.45
1514,102.37
1518,113.1
1519,92.297
1522,112.7
1524,79.604
1527,93.557
1529,94.03
1532,105.32
1536,112.78
1537,117.6
1539,106.15
1542,113.58
1543,94.324
1544,103.83
1545,84.723
1550,94.101
1551,107.51
1554,104.08
1556,103.76
1559,93.591
1560,78.164
1562,93.652
1566,92.394
1567,112.66
1569,105.38
1570,113.48
1571,112.61
1574,93.083
1578,103.75
1580,93.182
1583,113.68
1584,93.083
1585,112.51
1586,95.169
1587,112.38
1588,92.2
1590,113.63
1592,104.06
1596,112.5
1598,110.59
1599,94.609
1604,114.04
1606,101.89
1607,95.23
1608,104.72
1609,117.47
1611,94.431
1613,95.197
1616,95.565
1619,114.34
1620,93.385
1621,111.9
1622,94.042
1625,111.04
1627,117.47
1629,113.39
1634,93.559
1636,93.337
1638,105.49
1639,96.138
1641,96.148
1643,94.512
1644,103.45
1645,118.74
1646,93.194
1647,104.34
1648,94.357
1652,93.182
1653,113.17
1656,96.426
1658,94.609
1659,112.7
1661,95.915
1663,95.23
1664,112.73
1665,94.338
1666,103.76
1667,103.12
1668,80.805
1669,105.22
1670,94.16
1672,112.21
1674,112.18
1677,113.97
1678,94.047
1679,111.57
1680,94.308
1683,104.65
1686,105.45
1687,112.81
1689,114.01
1690,93.93
1691,116.69
1692,113.48
1693,93.083
1695,95.265
1696,93.223
1697,112.47
1700,103.76
1701,95.867
1702,111.97
1703,93.624
1704,113.46
1706,95.17
1707,113.42
1708,95.749
1710,96.13
1711,104.51
1713,106.49
1717,103.04
1719,103.75
1720,93.345
1722,92.749
1725,104.21
1726,94.842
1727,105.72
1729,112.83
1730,93.976
1731,114.7
1733,103.76
1734,94.558
1735,111.89
1738,95.197
1742,94.983
1745,112.18
1747,95.643
1749,96.534
1751,96.308
1752,78.904
1753,103.62
1754,96.474
1755,96.291
1756,102.93
1758,114.05
1759,95.54
1760,108.67
1761,115.46
1762,94.43
1763,111.9
1764,94.367
1766,94.542
1768,97.293
1769,77.252
1771,112.3
1772,92.804
1773,105.03
1774,94.231
1775,115.05
1777,113.29
1779,95.54
1780,106.25
1787,94.13
1788,94.164
1790,95.503
1796,112.42
1801,92.184
1803,94.696
1807,112.57
1809,116.06
1812,94.717
1813,112.6
1814,96.926
1815,112.64
1816,97.935
1818,93.564
1820,93.049
1821,117.29
1822,96.972
1825,93.916
1826,104.96
1828,95.39
1831,104.32
1836,115.63
1837,95.197
1841,95.339
1844,105.11
1848,93.933
1851,106.66
1852,96.699
1853,93.59
1854,112.46
1856,96.454
1859,115.94
1860,95.05
1861,83.098
1863,105.65
1865,95.629
1866,106.35
1867,95.306
1868,93.219
1872,96.606
1879,95.564
1880,104.38
1882,96.117
1885,105.15
1887,104.27
1888,95.896
1890,111.98
1894,96.391
1895,103.33
1896,97.059
1897,112.39
1900,113.9
1901,94.097
1902,114.47
1905,93.536
1906,109.3
1912,103.22
1915,95.199
1916,106.7
1917,96.019
1918,105.32
1920,78.5
1923,95.157
1924,105
1925,94.82
1930,117.98
1932,112.42
1933,96.694
1934,113.16
1935,93.409
1940,77.519
1941,94.592
1942,111.36
1943,93.926
1944,94.056
1945,111.98
1948,118.11
1949,95.418
1952,95.383
1954,93.588
1955,111.51
1958,93.2
1959,79.581
1960,111.9
1963,95.579
1965,94.848
1968,104.76
1969,95.818
1971,95.164
1972,112.48
1973,93.079
1975,93.342
1977,95.847
1978,97.559
1979,111.99
1981,93.399
1982,113.63
1987,113.09
1988,92.9
1993,98.43
1997,92.46
1999,95.178
2001,95.703
2002,115.43
2003,94.74
2004,79.211
2006,111.78
2007,94.445
2009,109.4
2010,93.514
2013,97.664
2018,79.116
2022,107.1
2024,113.38
2025,96.403
2026,107.05
2030,108.49
2031,95.639
2032,103.22
2033,95.887
2035,94.383
2036,112.32
2037,92.751
2040,95.694
2043,115.97
2044,107.09
2046,106.28
2054,114.02
2055,96.745
2056,106.25
2059,93.569
2060,94.097
2062,90.713
2063,111.65
2066,96.391
2067,113.09
2072,96.888
2073,113.33
2074,97.031
2075,113.97
2076,95.116
2080,94.476
2082,94.097
2085,109.96
2087,113.1
2091,112.37
2092,95.824
2093,106.25
2098,101.82
2101,111.9
2102,93.669
2103,77.519
2105,107.27
2106,95.919
2107,114.98
2110,94.543
2114,94.317
2115,111.8
2117,78.302
2118,96.563
2119,104.41
2120,94.592
2122,93.347
2123,112.59
2126,94.589
2127,104.81
2128,95.116
2129,111.98
2132,98.532
2135,105.74
2138,95.159
2139,117.98
2141,111.94
2142,95.702
2146,96.936
2151,114.08
2157,104.35
2159,112.83
2162,94.225
2164,116.47
2167,90.128
2168,111.28
2171,91.776
2173,95.197
2174,105.03
2175,94.721
2178,93.501
2180,94.825
2185,111.91
2189,90.24
2190,112.22
2192,102.3
2194,115.34
2200,116.29
2201,93.707
2203,112.92
2204,93.288
2205,112.78
2209,116.74
2213,105.6
2214,92.48
2215,112.58
2216,92.787
2218,92.784
2219,105.05
2220,94.309
2222,91.073
2223,112.24
2225,112.73
2226,94.462
2230,94.493
2233,111.91
2234,111.55
2235,93.288
2236,79.11
2237,94.358
2240,115.79
2241,94.26
2248,105.21
2249,94.143
2250,111.82
2252,111.55
2253,96.368
2254,111.5
2256,77.566
2258,91.321
2259,111.73
2262,95.513
2265,95.571
2266,103.9
2269,94.421
2271,95.292
2273,92.821
2274,112.32
2275,93.483
2277,94.47
2279,93.288
2280,78.251
2282,94.825
2283,101.63
2288,92.368
2289,116.63
2291,94.274
2292,118.01
2297,95.452
2298,104.83
2299,94.928
2300,114.15
2301,93.027
2304,95.867
2305,104.51
2306,95.513
2308,95.145
2309,112.69
2311,94.483
2312,105.17
2316,103.09
2321,104.14
2322,111.33
2325,105.75
2326,94.995
2329,118.01
2330,94.589
2331,103.59
2332,112.56
2333,95.513
2334,103.84
2335,111.04
2337,112.75
2338,91.161
2340,112.56
2342,96.158
2345,92.575
2349,95.62
2351,77.253
2352,93.938
2354,110.98
2355,113.04
2357,112.73
2358,93.922
2360,93.298
2361,110.98
2364,93.185
2366,95.899
2369,104.35
2370,95.376
2371,111.88
2373,116.66
2374,97.122
2376,112.01
2378,113.9
2382,95.099
2383,92.627
2386,101.99
2387,94.198
2389,93.054
2390,114.43
2392,92.063
2398,112.56
2399,94.251
2400,95.104
2401,113.19
2402,93.905
2404,91.611
2407,114.7
2408,111.13
2409,113.45
2412,80.126
2413,95.332
2415,95.528
2420,111.08
2422,95.103
2423,103.79
2426,94.209
2432,94.783
2434,92.123
2435,93.732
2436,110.64
2438,112.07
2440,110.33
2443,94.539
2444,92.348
2447,105.21
2450,94.835
2454,92.578
2455,112.21
2459,95.513
2460,111.89
2463,93.358
2465,93.912
2468,76.641
2469,93.862
2474,92.172
2478,94.015
2480,93.67
2481,115.79
2489,94.825
2490,107.61
2492,92.531
2496,95.513
2497,113.28
2500,93.592
2505,94.816
2507,90.034
2508,112.78
2509,95.076
2510,80.787
2513,92.688
2515,94.825
2518,92.627
2519,110.38
2520,92.627
2521,114.4
2523,111.23
2525,95.915
2529,111.97
2530,94.095
2533,114.49
2535,91.737
2538,102.48
2544,113.66
2553,111.31
2556,92.347
2558,94.525
2559,116.11
2560,93.183
2561,110.84
2562,92.903
2563,111.68
2564,92.023
2565,111.23
2567,105.39
2572,93.349
2575,94.175
2576,111.77
2577,91.162
2578,93.203
2579,111.18
2580,91.948
2582,112.95
2583,92.564
2587,92.744
2589,111.13
2590,94.839
2591,111.97
2594,94.277
2597,95.429
2598,103.28
2599,96.623
2600,103.76
2602,114.38
2603,93.349
2604,103.4
2606,111.06
2607,77.352
2608,95.336
2613,112.11
2614,94.037
2615,110.55
2617,113.46
2620,92.064
2623,111.42
2624,92.823
2627,112.11
2629,77.352
2630,93.418
2632,95.296
2636,91.806
2639,94.237
2640,103.51
2642,111.97
2644,104.19
2646,109.95
2647,92.703
2649,93.509
2650,107.27
2652,102.71
2653,102.46
2655,109.75
2657,111.89
2659,110.87
2662,92.86
2663,115.11
2664,94.517
2665,103.35
2670,93.926
2671,102.89
2672,95.903
2675,102.71
2677,108.13
2679,111.47
2683,111.39
2684,95.686
2685,93.174
2688,104.01
2689,95.1
2690,102.3
2693,95.011
2694,112.22
2697,102.59
2699,92.924
2703,93.987
2705,101.94
2709,81.6
2710,92.022
2711,112.13
2712,93.001
2713,95.684
2714,113.38
2715,91.044
2717,91.439
2718,111.4
2720,110.77
2721,92.732
2726,94.379
2728,93.241
2731,102.94
2732,110.56
2734,92.518
2736,101.41
2737,94.572
2738,102.39
2739,112.58
2746,91.944
2749,102.54
2751,117.7
2752,103.44
2753,94.618
2757,107.85
2758,94.653
2759,110.16
2760,93.699
2762,109.25
2764,94.182
2765,109.93
2769,112.98
2771,113.62
2774,94.2
2776,90.941
2777,114.16
2778,92.544
2779,111.25
2782,91.107
2784,90.576
2787,92.043
2789,94.223
2792,93.358
2798,96.001
2799,103.12
2800,92.899
2801,79.575
2802,92.283
2804,94.239
2807,104.28
2808,96.285
2809,116.51
2811,114.35
2812,94.201
2814,91.053
2816,92.771
2817,113.78
2818,109.88
2820,110.87
2821,81.724
2822,93.948
2823,102.85
2824,92.841
2826,88.785
2829,92.509
2834,92.544
2835,77.989
2838,97.399
2839,110.47
2840,90.257
2841,111.03
2842,94.838
2846,111.49
2848,94.377
2849,90.679
2850,113.38
2851,94.248
2853,93.252
2854,111.97
2858,115.63
2861,93.447
2864,91.857
2865,115.11
2866,110.42
2867,91.511
2868,112.9
2870,111.33
2877,94.116
2878,112.11
2880,111.34
2882,76.682
2883,95.146
2884,102.54
2885,92.358
2887,94.151
2888,111.55
2889,93.921
2890,103.93
2891,93.234
2892,116.45
2893,94.72
2898,114.86
2899,91.955
2900,114.84
2901,96.35
2909,94.118
2910,111.02
2911,111.59
2913,111.88
2914,95.251
2918,92.716
2919,109.74
2920,92.822
2921,112.11
2922,96.471
2923,102.85
2925,112.74
2926,92.305
2927,112.66
2929,112.06
2933,94.953
2934,112.29
2936,110.68
2941,100.04
2942,92.807
2943,112.74
2945,105.97
2950,92.881
2951,111.31
2953,116
2954,94.429
2955,104.63
2956,96.489
2960,95.841
2962,96.85
2963,107.56
2964,102.85
2966,78.179
2967,94.598
2968,112.23
2969,92.184
2971,92.161
2972,95.171
2974,93.377
2975,112.59
2977,117.98
2980,111.68
2981,94.116
2983,94.583
2984,107.05
2985,117.73
2986,103.89
2987,95.171
2989,95.542
2990,111.37
2991,91.638
2992,76.093
2995,102.98
2996,106.39
3002,110.4
3004,114.46
3005,116.97
3006,94.766
3010,95.33
3011,103.85
3014,92.698
3015,93.22
3016,95.03
3017,113.11
3018,91.546
3021,103.7
3024,103.67
3028,92.625
3030,92.938
3032,93.495
3039,95.9
3040,106.19
3041,96.098
3043,93.301
3044,111.72
3046,111.22
3055,91.279
3056,113.89
3058,92.418
3059,110.42
3061,116.95
3063,104.12
3066,93.37
3067,103.67
3068,78.723
3069,93.125
3072,114.6
3073,113.56
3074,91.653
3077,93.034
3082,96.343
3084,102.98
3085,112.07
3088,104.58
3091,92.731
3092,112.9
3093,94.391
3094,103.33
3096,112.01
3097,93.323
3098,77.106
3102,114.05
3106,92.579
3109,94.73
3111,91.469
3112,116.97
3113,93.813
3115,95.729
3116,110.62
3117,95.349
3121,112.86
3122,92.436
3123,93.311
3124,106.6
3125,95.03
3126,101.71
3127,116.04
3129,95.555
3130,112.06
3132,105.36
3134,106.27
3135,94.414
3137,77.344
3138,92.931
3140,95.362
3144,113.24
3145,93.452
3146,110.94
3147,94.658
3148,105.37
3149,104.66
3150,112.33
3151,94.143
3152,95.059
3155,96.251
3156,113.77
3159,92.867
3161,93.804
3162,107.41
3163,95.089
3165,102.18
3172,92.197
3173,110.43
3176,94.301
3177,103.77
3179,112.59
3183,92.363
3186,93.35
3187,105.13
3189,112.35
3190,94.329
3192,116.04
3193,92.197
3194,114.24
3197,94.5
3198,94.21
3200,95.192
3201,118.04
3202,94.21
3204,94.535
3205,92.814
3206,114.82
3208,105.07
3210,103.91
3211,91.508
3212,116.95
3213,92.602
3214,110.33
3216,104.32
3219,93.932
3220,111.92
3221,93.813
3226,107.38
3227,95.497
3228,112.41
3229,92.384
3232,76.36
3233,94.792
3234,91.837
3236,97.003
3238,112.1
3239,110.77
3240,89.541
3247,109.15
3249,103.16
3252,114.53
3253,94.758
3254,104.27
3255,93.193
3256,111.58
3257,93.649
3262,94.182
3263,103.11
3264,96.489
3266,113.75
3267,96.767
3269,96.103
3272,117.73
3274,94.5
3275,106.14
3277,93.991
3279,96.952
3280,105.22
3283,97.251
3285,94.544
3287,91.214
3288,103.67
3290,105.56
3291,93.157
3298,111.69
3299,94.512
3302,112.36
3303,93.974
3304,106.14
3307,92.665
3309,91.78
3314,78.5
3316,114.73
3317,94.488
3319,94.216
3320,111.95
3321,93.9
3322,105.88
3324,91.485
3326,93.277
3329,110.24
3330,92.417
3331,112.26
3335,116.84
3337,94.8
3338,106.2
3339,95.846
3340,110.62
3341,94.561
3343,93.656
3346,91.769
3348,93.712
3351,103.52
3352,117.36
3355,92.598
3356,113.04
3358,105.14
3359,95.391
3360,110.51
3371,112.24
3372,94.202
3374,95.544
3377,111.89
3378,91.384
3380,102.75
3382,95.232
3386,93.623
3389,111.59
3391,103.63
3393,94.423
3394,105.53
3395,93.99
3397,112.35
3398,95.905
3399,81.461
3400,95.008
3404,103.02
3407,109.96
3409,105.14
3419,94.762
3421,93.3
3425,95.816
3427,80.303
3428,117.58
3429,111.72
3431,89.986
3435,95.292
3436,112.7
3439,97.459
3441,91.923
3442,117.58
3443,94.033
3444,103.39
3445,92.905
3446,111.44
3449,92.788
3453,93.034
3457,90.885
3460,103.26
3461,95.107
3462,92.421
3464,103.97
3465,78.573
3466,93.621
3467,104.24
3468,95.421
3469,104.73
3470,103.94
3472,112.21
3473,92.49
3475,91.885
3476,111.62
3478,105.36
3479,96.506
3483,93.255
3484,103.15
3485,93.76
3487,93.209
3488,112.15
3496,111.45
3497,95.052
3499,94.763
3500,78.148
3501,94.418
3504,95.504
3508,104.94
3511,92.059
3512,115.55
3515,93.887
3517,93.816
3518,104.73
3526,112.76
3528,117.05
3529,92.622
3530,110.83
3531,95.24
3532,113.77
3533,93.827
3534,93.226
3535,77.459
3536,94.47
3537,111.14
3538,93.492
3539,109.32
3540,106.25
3545,110.84
3546,91.393
3550,104.82
3551,94.214
3553,95.951
3554,103.26
3557,93.927
3558,111.71
3559,92.788
3561,94.675
3562,112.35
3563,93.407
3564,103.52
3565,92.905
3567,91.809
3571,103.52
3572,94.374
3574,95.936
3576,94.808
3577,112.54
3578,94.474
3579,94.704
3583,93.996
3585,94.156
3586,105.05
3587,111.11
3593,93.007
3594,114.91
3595,95.751
3599,94.627
3600,103.78
3601,112.21
3602,92.788
3604,94.741
3609,117.58
3610,109.87
3612,111.51
3614,114.97
3615,96.189
3617,97.49
3618,109.88
3619,111.86
3620,111.41
3621,95.218
3625,97.687
3626,103.47
3630,103.26
3631,93.511
3632,104.79
3633,96.161
3634,111.43
3637,94.297
3639,92.276
3640,114.27
3641,92.712
3644,113.01
3645,94.191
3646,93.157
3647,92.454
3648,112.09
3653,112.32
3654,94.659
3655,112.91
3659,102.12
3660,96.312
3662,111.73
3666,93.45
3668,97.786
3671,92.611
3673,93.577
3674,113.45
3675,93.885
3681,91.242
3682,111.63
3686,110.18
3687,89.471
3692,81.371
3695,112.36
3696,95.5
3699,114.1
3705,112.35
3707,76.21
3708,93.88
3709,112.22
3710,94.808
3712,91.684
3715,112.28
3716,94.409
3720,112.16
3722,76.21
3726,94.335
3728,92.293
3729,113.09
3731,103.16
3735,111.99
3736,94.623
3739,101.22
3741,110.26
3743,103.54
3744,93.599
3745,114.02
3746,94.161
3751,92.157
3753,94.261
3760,110.79
3761,93.596
3762,111.45
3763,93.922
3765,92.478
3768,112.48
3769,94.017
3770,106.04
3773,110.93
3774,94.823
3776,94.594
3778,92.061
3779,110.53
3780,91.462
3781,111.64
3782,93.742
3783,111.61
3784,93.853
3786,93.739
3789,106.95
3790,95.104
3793,111.96
3795,110.99
3797,93.936
3798,116.98
3800,112.11
3804,95.52
3810,94.02
3815,111.99
3816,95.52
3818,101.7
3824,111.62
3828,102.78
3830,109.13
3831,96.02
3832,76.999
3834,111.28
3835,91.383
3836,112.45
3838,93.798
3839,116.2
3840,111.58
3845,91.586
3846,110.51
3847,93.22
3849,77.446
3853,109.73
3855,104.34
3856,94.142
3864,79.771
3865,93.549
3866,109.89
3867,92.905
3868,112.11
3869,94.751
3871,92.729
3875,103.88
3876,93.236
3878,92.973
3879,110.74
3881,112.11
3883,109.81
3884,91.809
3886,110.9
3890,92.852
3893,107.08
3897,105.58
3901,93.865
3902,110
3913,109.73
3914,92.781
3916,92.981
3917,109.69
3924,103.99
3925,93.634
3928,95.905
3929,111.1
3932,95.366
3933,103.49
3934,77.499
3935,91.424
3936,92.868
3937,110.43
3938,90.157
3939,112.37
3943,90.124
3944,111.54
3945,110.69
3946,95.127
3947,111.63
3948,93.866
3949,111.28
3950,92.726
3951,111.12
3952,91.744
3953,111.4
3961,114.03
3962,93.144
3966,92.589
3967,102.5
3968,94.482
3969,110.82
3970,93.863
3971,106.51
3973,89.46
3974,111.27
3975,111.41
3977,96.531
3979,110.94
3985,94.245
3986,102.26
3988,112.11
3991,94.139
3992,103.36
3993,95.51
3994,94.16
3995,112.56
4005,110.61
4007,93.649
4008,102.7
4009,94.165
4010,108.71
4011,75.906
4012,93.53
4013,104.67
4015,112.26
4016,110.07
4018,111.77
4025,92.859
4026,112.95
4028,113.4
4029,95.403
4031,91.848
4032,111.51
4033,90.397
4034,104.12
4037,94.588
4038,102.98
4039,93.829
4041,93.993
4042,108.86
4043,93.766
4044,103.49
4045,92.128
4046,113.21
4047,97.056
4048,105.84
4049,94.265
4051,94.152
4052,112.1
4058,102.59
4062,107.49
4064,109.81
4067,93.768
4068,77.946
4070,90.744
4072,116.41
4074,110.29
4075,91.423
4076,110.47
4077,94.407
4078,112.5
4080,103.49
4082,110.28
4085,92.916
4086,112.6
4088,112.95
4089,93.845
4092,76.99
4094,93.751
4095,110.76
4096,93.704
4097,101.88
4102,91.874
4105,109.28
4107,111.91
4111,93.747
4112,103.39
4113,93.161
4114,112.28
4115,92.334
4116,111.43
4117,94.132
4118,94.411
4119,110.07
4120,91.741
4122,77.884
4125,91.404
4126,111.85
4129,110.9
4134,110.45
4137,90.896
4141,102.96
4142,96.624
4144,93.718
4145,103.99
4146,97.453
4150,92.434
4151,77.998
4154,93.768
4156,95.267
4157,112.13
4159,110.07
4160,93.899
4161,110.45
4168,93.985
4171,103.22
4172,106.91
4173,94.483
4175,91.143
4176,103.49
4177,93.718
4178,99.185
4179,93.124
4181,111.13
4183,95.403
4184,112.45
4185,91.796
4186,111.94
4188,114.27
4190,110.63
4192,91.752
4193,106.09
4194,112.22
4195,93.798
4196,76.919
4202,95.663
4203,105.42
4208,94.629
4209,113.5
4210,95.386
4211,109
4212,116.9
4214,104.69
4215,93.832
4216,111.76
4217,92.287
4219,95.048
4222,110.43
4224,79.19
4231,103.49
4232,95.403
4234,92.704
4236,93.718
4237,102.85
4240,91.089
4242,105.07
4243,94.06
4247,92.087
4248,111.02
4249,88.206
4254,103.39
4263,92.889
4265,109.41
4267,109.72
4268,111.22
4271,111.55
4272,93.644
4273,110.01
4274,92.432
4276,94.986
4278,94.464
4280,93.491
4281,110.86
4283,94.426
4284,110.03
4285,95.68
4286,111.29
4287,92.016
4288,113.9
4289,91.599
4290,79.054
4293,92.235
4296,110.51
4297,93.374
4299,92.935
4303,115.5
4310,93.774
4312,103.96
4318,103.84
4320,110.98
4322,94.277
4323,115.84
4325,104.21
4326,112.18
4328,105.02
4330,104.9
4332,110.62
4333,93.696
4335,95.502
4336,108.49
4338,106.05
4341,95.21
4342,104.43
4344,103.58
4347,97.369
4348,104.74
4351,109.03
4352,95.625
4353,112.77
4355,105.06
4356,93.908
4359,103.86
4360,94.749
4361,94.631
4364,95.337
4365,105.15
4368,94.637
4372,93.878
4374,90.336
4376,94.888
4377,104.47
4380,94.419
4383,106.97
4384,95.455
4385,105.26
4389,92.448
4391,96.329
4392,111.12
4393,93.455
4395,93.477
4396,112.67
4398,112.35
4399,99.32
4401,92.979
4406,96.352
4408,105.04
4412,104.74
4415,93.301
4418,112.91
4419,90.336
4420,78.595
4422,112.53
4423,90.336
4425,94.168
4428,113.46
4431,112.15
4434,93.6
4436,95.493
4437,109.43
4439,117.11
4440,95.038
4441,112.38
4444,94.563
4445,105.68
4446,94.627
4447,114.51
4452,103.95
4456,112.96
4457,93.22
4458,111.86
4460,93.908
4461,116.89
4462,94.074
4465,103.56
4466,105.57
4468,95.619
4469,105.26
4472,111.61
4475,94.436
4478,93.162
4479,110.51
4480,92.078
4483,76.488
4484,93.815
4485,104.33
4486,94.854
4488,93.963
4489,107.2
4490,94.909
4491,105.75
4492,95.827
4493,109.82
4494,95.502
4495,103.68
4498,77.51
4499,96.278
4500,102.48
4503,112.18
4505,103.67
4506,93.007
4507,95.091
4508,103.84
4510,112
4511,92.28
4513,95.462
4516,78.076
4519,93.835
4521,94.396
4531,95.312
4532,78.553
4533,96.073
4534,111.07
4536,103.84
4537,93.22
4539,97.414
4542,103.34
4545,92.406
4549,93.508
4551,94.503
4554,103.52
4556,111.87
4559,113.14
4561,111.37
4562,107.6
4566,114.98
4569,93.322
4570,112.67
4573,94.238
4574,106.14
4575,92.615
4577,94.34
4578,111.42
4580,109.82
4582,93.341
4583,112.53
4585,94.823
4587,103.84
4595,92.035
4596,114.68
4601,94.636
4602,111.93
4603,94.566
4605,112.4
4606,93.163
4607,115.71
4608,94.622
4610,96.933
4613,103.64
4617,90.784
4618,110.51
4619,92.047
4620,94.607
4622,95.863
4625,93.908
4626,103.84
4627,95.262
4629,93.306
4631,93.239
4633,103.84
4634,116.57
4635,93.528
4639,93.482
4640,106.35
4642,103.28
4644,112.24
4646,103.84
4647,97.078
4648,78.909
4649,94.019
4650,111.41
4655,93.508
4660,94.507
4661,118.03
4662,90.191
4663,113.1
4665,96.38
4666,111.81
4667,104.03
4668,93.946
4670,93.589
4671,114.05
4672,95.645
4673,103.22
4675,104.73
4676,93.522
4677,110.97
4680,95.823
4682,93.57
4683,114.54
4685,104.74
4686,94.598
4688,113.61
4690,112.41
4692,112.41
4693,93.399
4697,94.601
4700,110.81
4702,109.61
4707,118.1
4708,95.001
4710,83.088
4716,94.973
4717,97.277
4718,95.696
4720,96.263
4721,84.489
4723,95.92
4726,113.54
4727,92.999
4729,94.856
4731,97.208
4732,115.92
4735,95.44
4736,105.88
4737,95.66
4738,113.31
4739,112.2
4744,106.01
4747,95.045
4749,114.67
4750,95.001
4752,113.62
4755,96.344
4756,104.89
4757,113.52
4758,95.246
4759,104.48
4763,96.828
4764,104.07
4765,94.489
4766,95.406
4767,113.45
4769,112.42
4770,93.957
4771,83.183
4772,104.93
4774,114.31
4776,114.29
4777,109.65
4778,97.04
4780,95.389
4784,95.76
4786,94.766
4787,80.135
4788,96.669
4789,113.62
4791,106.72
4792,96.182
4795,112.5
4796,92.729
4803,93.266
4805,97.388
4807,95.192
4809,94.296
4816,94.681
4817,80.845
4818,93.425
4820,95.475
4821,104.77
4823,113.86
4824,97.738
4825,111.68
4829,104.44
4830,97.748
4831,115.72
4833,105.81
4836,94.432
4837,113.61
4838,93.125
4840,98.434
4841,78.837
4842,92.462
4843,113.54
4844,92.952
4849,110.93
4851,105.93
4852,96.042
4858,92.811
4860,97.748
4863,114.02
4864,96.195
4865,112.28
4867,112.83
4868,97.673
4869,113.26
4873,92.112
4875,97.635
4876,113.37
4877,90.962
4878,111.95
4880,79.912
4886,113.63
4888,105.61
4889,96.895
4890,115
4893,96.499
4895,96.366
4896,105.11
4899,96.56
4901,95.145
4902,111.72
4903,94.426
4904,113.62
4910,93.737
4912,93.369
4915,97.066
4916,106.46
4917,95.09
4920,104.93
4927,104.36
4928,94.17
4931,105.12
4934,94.171
4936,95.74
4939,116.67
4942,116.68
4943,97.524
4944,103.87
4945,95.568
4947,111.16
4948,92.573
4951,95.331
4952,113.62
4953,92.035
4956,94.426
4957,115.45
4958,91.926
4960,95.939
4968,95.746
4969,106.23
4971,102.51
4973,114.45
4975,115.11
4976,96.574
4978,92.988
4979,111.61
4982,96.175
4983,111.2
4984,95.121
4985,117.98
4986,92.991
4987,116.12
4988,95.656
4994,95.218
4995,96.836
5002,79.883
5004,94.358
5005,103.91
5006,95.803
5007,105.48
5009,113.43
5011,114.45
5014,95.259
5015,105.92
5018,93.522
5019,112.7
5020,92.821
5021,113.12
5022,98.23
5023,94.245
5025,97.643
5032,97.368
5034,94.713
5036,93.834
5038,96.611
5039,117.31
5046,97.26
5049,112.7
5051,94.707
5052,93.058
5053,114.31
5054,96.827
5055,95.272
5057,94.313
5059,93.138
5062,99.306
5063,113.84
5065,114.44
5069,94.701
5071,95.612
5074,115.44
5075,93.957
5076,115.01
5077,80.031
5079,105.82
5080,94.423
5081,113.75
5083,104.68
5088,106.03
5089,94.638
5093,110.95
5094,105.22
5095,95.686
5099,111.57
5101,113.21
5103,103.88
5104,93.219
5105,112.16
5107,93.807
5108,114.93
5109,94.002
5111,92.613
5112,111.67
5113,94.261
5114,108.41
5115,95.439
5118,96.778
5122,96.283
5123,78.424
5125,95.41
5127,104.48
5128,95.165
5129,114.26
5132,95.258
5134,111.41
5135,94.378
5137,112.05
5142,93.911
5143,103.03
5144,95.594
5148,92.945
5149,94.463
5150,105.53
5154,79.437
5155,90.881
5159,93.041
5164,95.445
5165,114.04
5166,92.047
5167,113.86
5169,91.683
5171,92.185
5172,112.03
5176,93.6
5184,108.62
5185,91.991
5186,111.79
5188,105.91
5189,112.56
5190,93.631
5191,114.04
5193,112.44
5196,93.415
5199,75.773
5200,105.05
5203,91.563
5204,111.46
5205,93.459
5207,94.77
5208,109.27
5212,96.273
5214,96.718
5218,93.158
5220,94.976
5222,93.055
5224,96.468
5225,104.39
5227,112.09
5229,105.4
5232,93.161
5233,118.53
5234,102.21
5237,113.21
5239,118.88
5240,94.028
5241,112.16
5244,92.942
5248,110.83
5251,92.313
5253,94.844
5255,95.555
5256,103.49
5257,95.956
5259,95.884
5260,112.3
5266,95.522
5268,93.373
5275,113.21
5276,113.1
5277,96.455
5279,94.702
5280,105.34
5281,95.774
5283,98.39
5284,77.074
5285,96.292
5286,103.08
5287,92.459
5289,93.199
5290,112.44
5292,106.94
5293,94.785
5294,103.15
5297,93.535
5299,104.72
5302,93.972
5305,76.18
5306,94.221
5308,96.063
5309,95.509
5310,116.26
5312,112.65
5316,114.85
5317,96.909
5319,78.732
5320,97.098
5323,93.857
5329,113.46
5331,112.32
5334,111.04
5336,113.08
5338,105.32
5341,97.986
5345,96.291
5348,93.763
5349,113
5355,106.67
5356,95.263
5360,106.41
5362,111.05
5364,112.78
5366,105.45
5367,97.054
5368,96.146
5370,96.855
5371,79.297
5373,105.28
5375,113.21
5376,91.783
5378,112.52
5379,95.28
5383,95.041
5384,104.87
5389,110.52
5391,78.129
5393,109.75
5395,115.18
5397,110.68
5398,92.528
5399,113.61
5401,117.47
5402,91.867
5403,113.02
5404,94.665
5407,78.459
5408,94.81
5413,113.4
5414,94.348
5417,94.04
5418,106.94
5420,113.17
5421,92.817
5424,95.534
5425,111.46
5426,92.324
5429,114.33
5431,93.122
5437,102.95
5440,91.99
5444,106.35
5446,105.31
5447,93.426
5451,94.947
5452,94.394
5455,102.21
5456,94.458
5458,92.063
5459,113.41
5460,96.75
5462,95.706
5463,111.19
5464,91.664
5465,113.1
5466,95.974
5467,105.04
5468,94.119
5469,113.65
5472,95.993
5474,92.205
5475,114.8
5476,96.032
5479,105.14
5480,113.64
5482,112.3
5485,94.476
5486,117.52
5488,77.719
5495,105.4
5496,94.525
5497,112.31
5499,113.7
5503,92.407
5504,95.641
5507,96.023
5509,94.2
5511,94.362
5512,111.64
5516,112.54
5517,95.997
5518,104.84
5521,94.817
5522,104.88
5527,95.331
5528,94.245
5529,111.24
5532,93.27
5533,113.31
5535,104.02
5536,101.78
5540,93.959
5547,94.215
5548,111.28
5550,77.37
5551,93.888
5554,109.52
5555,93.931
5559,111.39
5560,96.179
5561,112.41
5562,91.28
5563,111.72
5565,78.632
5566,94.168
5567,104.57
5568,92.761
5572,94.129
5574,94.607
5576,92.739
5579,111.44
5580,77.261
5581,94.72
5583,93.018
5584,113.85
5586,114.54
5587,95.878
5589,102.32
5591,104.29
5592,91.428
5593,114.03
5594,94.94
5595,77.156
5596,112.65
5597,112.21
5598,116.62
5599,94.604
5602,113.02
5603,94.94
5605,93.078
5607,94.871
5608,112.09
5609,92.921
5610,93.454
5612,94.286
5613,112.15
5614,93.444
5616,93.999
5621,94.969
5623,96.128
5628,114.89
5629,95.351
5631,98.339
5633,95.644
5638,104.33
5639,94.737
5640,107.31
5645,94.696
5646,79
5649,93.425
5653,113.28
5655,113.12
5656,95.696
5658,94.184
5662,117.27
5663,93.179
5667,93.234
5670,94.604
5671,101.51
5672,94.56
5673,105.33
5674,96.107
5675,105.63
5676,95.526
5679,113.08
5683,112.43
5687,94.033
5688,78.111
5690,92.73
5691,112.4
5692,94.103
5693,115.74
5694,94.139
5697,111.93
5698,92.701
5699,112.39
5704,93.66
5707,113.08
5709,103.7
5710,95.813
5714,94.026
5718,94.291
5721,94.293
5723,93.969
5724,113.47
5725,94.037
5726,109.97
5729,96.301
5730,104.89
5731,93.669
5733,77.28
5736,93.876
5741,103.23
5745,111.48
5747,93.337
5748,105.7
5750,111.76
5751,93.94
5752,93.652
5754,93.2
5755,94.352
5757,95.056
5758,117.46
5760,106.2
5762,104.02
5766,110.63
5768,96.56
5769,118.55
5770,93.656
5771,111.48
5772,93.733
5773,114.11
5774,96.098
5776,94.053
5777,112.39
5778,93.315
5780,116.34
5782,93.583
5783,77.635
5784,96.784
5786,96.663
5788,95.599
5789,112.9
5790,94.574
5791,104.98
5793,104.89
5794,93.34
5796,117.24
5797,94.695
5801,94.411
5803,94.033
5804,111.67
5805,93.589
5806,78.794
5808,111.54
5813,93.919
5815,96.141
5816,104.11
5822,96.482
5823,112.53
5825,104.28
5827,110.44
5829,102.33
5830,96.375
5831,111.78
5832,93.283
5833,111.54
5837,115.58
5838,94.261
5839,95.345
5842,107.31
5844,111.4
5845,105.2
5846,114.22
5848,78.531
5850,114.27
5851,95.142
5853,96.56
5854,104.62
5858,107.31
5860,110.52
5864,104.84
5866,95.726
5867,113.08
5868,91.988
5869,112.14
5870,94.041
5871,114.84
5874,113.62
5876,111.8
5877,92.831
5878,93.236
5879,111.74
5880,90.428
5884,92.328
5886,111.04
5890,98.436
5896,96.42
5897,104.82
5898,96.56
5901,106.53
5903,113.34
5906,93.454
5908,113.22
5909,93.203
5910,112.15
5911,93.933
5912,112.36
5914,113.62
5919,113.48
5924,96.055
5926,93.882
5929,104.26
5930,95.121
5932,96.424
5933,114.54
5934,93.364
5935,112.07
5936,94.08
5937,112.58
5938,93.405
5939,112.26
5942,109.96
5943,96.058
5944,106.18
5946,112.4
5951,93.061
5953,103.68
5954,94.377
5957,103.78
5961,95.604
5962,105.43
5964,79.283
5965,94.588
5968,113.26
5969,92.765
5974,94.003
5975,111.47
5978,77.515
5981,104.48
5982,95.598
5983,112.46
5989,111.75
5991,94.172
5992,104.26
5995,96.237
5996,103.44
5997,110.91
5998,93.637
5999,78.042
6001,110.49
6002,94.098
6003,110.1
6004,94.377
6006,111.78
6007,91.166
6011,96.683
6012,104.64
6014,93.574
6015,103.01
6016,94.192
6017,108.77
6018,96.202
6024,95.168
6025,103.76
6026,113.47
6028,112
6029,78.174
6030,92.775
6036,113.26
6040,93.231
6041,112.22
6042,94.034
6044,94.204
6045,104.62
6047,104.78
6048,91.111
6049,111.52
6051,115.97
6052,111.34
6053,92.047
6054,112.11
6058,105.77
6059,91.457
6062,96.321
6063,115.96
6064,103.54
6065,93.231
6067,93.928
6068,112.47
6070,105.41
6071,101.18
6072,110.68
6080,110.68
6081,96.062
6084,104.74
6087,93.985
6089,105.18
6092,110.68
6094,94.794
6095,112.29
6097,112.66
6100,93.351
6104,106.51
6105,93.237
6106,111.65
6107,77.651
6108,89.02
6109,110.68
6110,92.511
6114,110.68
6116,93.935
6117,106.05
6118,94.906
6123,77.435
6125,112.99
6128,107.54
6130,103.63
6132,112.97
6137,76.694
6139,115.09
6140,93.888
6141,112.4
6142,104.27
6144,111.53
6145,96.338
6146,92.301
6149,91.327
6156,96.012
6159,112.95
6160,93.888
6162,102.83
6164,111.89
6165,91.941
6168,76.664
6169,111.18
6170,94.065
6171,111.67
6172,91.739
6173,113.33
6176,95.942
6177,89.989
6178,94.591
6180,95.342
6181,104.56
6182,96.305
6185,93.13
6186,111.31
6188,111.99
6189,96.085
6192,104.74
6193,95.293
6194,104.62
6195,95.512
6196,113.99
6197,92.654
6201,111.07
6202,93.84
6203,113.94
6204,93.527
6207,117.95
6209,94.265
6210,90.601
6211,112.22
6213,112.52
6216,90.832
6217,93.473
6219,93.927
6222,78.766
6223,92.966
6235,95.245
6240,94.85
6242,93.75
6247,95.749
6251,111.4
6254,112.87
6255,95.467
6260,101.77
6261,93.315
6262,105.76
6264,111.38
6269,104.99
6271,105.88
6275,110.67
6276,91.841
6278,97.16
6279,111.12
6281,114.2
6284,94.579
6286,95.578
6287,78.878
6288,93.061
6292,93.772
6293,93.202
6295,90.707
6298,111.74
6300,110.22
6304,104.3
6308,110.83
6310,95.309
6312,110.68
6320,93.31
6324,91.775
6325,112.24
6330,94.246
6336,111.26
6340,104.83
6341,95.245
6342,105.56
6344,92.019
6345,113.11
6347,110.92
6348,96.192
6349,111.74
6351,78.813
6353,113.13
6354,92.651
6357,97.473
6358,104.45
6360,102
6363,114.53
6364,92.051
6368,112.15
6370,92.404
6371,92.871
6377,93.954
6379,91.49
6381,95.073
6382,77.897
6383,110.16
6388,111.86
6390,108.81
6392,101.21
6393,93.738
6395,93.083
6398,102.57
6401,77.674
6402,92.697
6403,111.18
6405,92.716
6406,92.548
6407,111.27
6409,103.76
6411,91.375
6413,95.68
6416,104.88
6417,90.804
6418,92.879
6419,116.68
6420,111.7
6426,110.05
6429,92.029
6430,93.664
6431,111.18
6432,93.503
6434,98.114
6437,112
6438,93.697
6439,101.7
6440,95.16
6441,94.16
6442,109.92
6443,94.387
6445,92.216
6448,112.1
6450,111.56
6453,94.456
6455,91.439
6457,92.334
6458,110.78
6461,93.009
6464,110.63
6467,92.852
6469,94.589
6470,76.841
6471,93.125
6473,101.65
6474,93.193
6479,93.065
6481,93.491
6484,110.53
6495,96.806
6496,112.79
6505,110.04
6506,96.823
6508,95.18
6509,93.523
6510,103.6
6512,103.03
6513,92.539
6514,112.49
6515,93.55
6519,93.896
6521,93.091
6523,76.25
6525,106.19
6526,94.026
6528,93.867
6529,114.49
6531,103.75
6533,103.99
6534,94.398
6535,111.28
6536,92.055
6537,112.5
6540,94.038
6541,110.16
6547,95.316
6548,110.58
6551,112.09
6553,110.38
6555,103.97
6556,94.483
6561,77.066
6564,91.246
6565,111.28
6568,92.156
6569,109.92
6573,102.98
6574,93.929
6577,111.19
6579,113.77
6581,92.699
6582,111.28
6585,106.1
6586,94.429
6589,105.55
6590,77.263
6593,89.981
6594,110.49
6595,91.311
6599,89.25
6600,94.093
6601,111.86
6602,91.289
6603,112.1
6604,93.303
6607,103.48
6608,105.33
6609,93.319
6611,88.66
6613,109.92
6614,92.654
6616,91.664
6617,109.92
6618,93.614
6619,101.93
6621,103.97
6627,104.2
6629,110.11
6631,77.117
6634,94.496
6636,93.236
6638,92.156
6639,109.92
6641,111.41
6642,94.428
6651,112.15
6654,78.297
6657,96.005
6663,91.973
6665,106.87
6666,92.621
6668,92.798
6669,104.89
6670,92.746
6671,91.906
6673,93.195
6675,92.57
6676,78.05
6677,93.47
6679,93.611
6680,111.4
6681,103.6
6685,103.86
6688,92.409
6689,91.254
6690,109.82
6692,109.92
6693,93.477
6694,93.23
6698,116.96
6699,92.371
6700,108.53
6701,92.334
6702,110.02
6704,91.254
6707,109.8
6712,112.36
6713,94.721
6715,92.444
6721,110.58
6722,93.165
6723,112.47
6724,96.578
6725,116.8
6731,111.68
6735,78.034
6736,93.132
6737,105.94
6738,97.671
6739,105.04
6741,103.85
6743,92.376
6745,92.798
6747,112
6749,92.7
6750,104.02
6751,116.35
6752,96.274
6753,109.92
6755,112.95
6756,92.927
6757,102.35
6759,112.29
6761,93.394
6763,93.125
6764,117.43
6765,92.572
6766,111.6
6768,111.02
6771,91.254
6773,94.181
6774,92.14
6778,103.9
6779,93.402
6781,89.588
6784,93.069
6786,92.671
6787,110.12
6790,89.457
6793,105.21
6795,109.41
6798,111.96
6806,104.48
6807,92.602
6810,92.073
6815,109.48
6816,90.58
6817,101.06
6818,93.637
6819,103.52
6820,92.838
6822,91.165
6823,114.71
6824,109.91
6825,92.044
6828,77.031
6829,111.41
6831,108.84
6832,90.001
6833,108.95
6834,92.621
6836,95.827
6837,111.86
6838,92.311
6840,103.78
6843,91.639
6845,89.991
6846,89.902
6847,108.04
6851,109.95
6852,91.91
6853,108.73
6858,97.123
6861,111.04
6863,111.36
6864,76.415
6865,92.112
6866,111.17
6867,93.668
6868,104.08
6869,95.453
6870,109.91
6874,108.8
6875,94.233
6877,110.63
6878,90.257
6880,92.627
6883,109.32
6884,93.75
6886,93.198
6890,93.603
6893,109.51
6894,90.227
6899,110.63
6900,91.158
6904,93.589
6905,109.65
6906,91.043
6910,90.044
6912,105.06
6913,111.94
6920,89.999
6922,93.026
6923,109.41
6926,90.918
6927,108.6
6928,89.834
6931,108.91
6933,92.656
6936,89.61
6937,111.16
6939,110.23
6941,92.674
6942,109.45
6943,91.478
6944,101.45
6945,93.533
6946,107.59
6947,114.86
6949,103.25
6951,100.97
6953,109.56
6954,92.599
6955,110.02
6963,110.56
6964,92.092
6966,93.53
6968,90.311
6970,103.29
6972,111.74
6976,111.48
6978,111.17
6981,102.09
6985,102.83
6986,93.031
6987,110.9
6989,112.02
6991,114.71
6993,115.45
6994,93.317
6995,109.86
6996,94.648
6997,111.99
6998,76.093
7001,110.92
7003,110.05
7006,91.849
7008,100.15
7010,90.897
7011,92.632
7012,109
7013,93.206
7014,110.5
7017,105.38
7018,93.215
7019,89.654
7023,93.216
7024,102.25
7025,91.743
7026,110.51
7027,92.367
7028,113.3
7030,109.41
7031,90.145
7033,112.5
7036,91.731
7037,92.087
7039,93.023
7044,93.933
7045,111.86
7046,95.445
7049,104.18
7050,97.694
7051,103.29
7054,108.97
7055,93.381
7057,90.739
7060,110.63
7061,94.936
7063,89.965
7064,108.38
7067,92.627
7071,91.311
7074,101.14
7075,93.425
7078,111.86
7079,90.75
7080,110.29
7081,92.209
7082,111.72
7083,90.735
7085,112.55
7092,103.28
7094,92.713
7100,91.003
7101,110.06
7102,111.17
7104,110.4
7105,94.936
7106,91.466
7107,100.63
7108,76.444
7109,91.983
7110,111.16
7112,91.406
7113,103.09
7114,93.793
7116,111.03
7117,94.795
7118,101.54
7120,92.749
7121,102.42
7123,102.11
7124,95.376
7127,107.39
7131,101.96
7132,93.637
7133,90.016
7134,109.47
7135,90.847
7136,110.23
7137,89.955
7141,92.563
7144,103.26
7147,108.81
7148,92.12
7150,91.042
7151,92.749
7152,101.7
7154,92.012
7156,94.74
7157,101.68
7159,114.7
7161,92.676
7163,92.117
7164,100.32
7167,76.812
7169,103.03
7170,93.307
7173,94.093
7174,102.65
7177,109.44
7178,102.56
7179,93.264
7180,78.06
7181,110.11
7182,90.621
7184,92.035
7185,111.73
7186,90.788
7187,113.38
7188,91.583
7189,112.65
7191,100.98
7193,110.32
7197,97.132
7199,91.321
7200,111.72
7201,90.847
7204,91.01
7207,107.74
7209,111.36
7210,94.172
7211,103.85
7213,92.886
7214,111.99
7216,111.75
7217,93.733
7220,109.6
7224,109.41
7225,93.284
7226,111.75
7227,92.415
7234,111.73
7236,75.636
7239,103.11
7240,92.835
7242,114.56
7244,111.29
7245,90.554
7247,109.14
7248,89.264
7249,115.74
7250,110.52
7251,93.179
7252,112.07
7253,76.76
7256,93.363
7260,92.966
7261,112.63
7264,94.303
7269,112.78
7270,92.74
7273,110.72
7279,87.98
7281,110.2
7284,94.84
7285,109.83
7286,115.96
7287,90.219
7289,92.38
7292,92.083
7293,111.94
7296,93.546
7297,111.4
7298,91.014
7299,113.46
7301,101.61
7304,111.44
7306,116.77
7308,92.38
7309,102.07
7312,91.709
7313,76.76
7314,93.644
7316,92.684
7319,114.77
7321,93.829
7323,92.812
7324,102.55
7325,94.139
7328,100.79
7330,77.161
7334,94.118
7337,112.08
7338,97.097
7339,91.548
7341,90.65
7342,111.84
7344,111.07
7345,111.51
7347,110.66
7349,110.2
7350,94.037
7353,110.64
7355,110.58
7356,91.916
7357,114.02
7358,93.621
7360,93.037
7363,105.98
7364,94.247
7366,92.906
7368,92.988
7369,110.88
7370,93.936
7373,93.293
7374,110.68
7375,94.622
7377,92.732
7379,92.172
7380,116.3
7382,109.79
7383,93.048
7385,95.516
7386,103.48
7391,95.076
7394,106.42
7396,110.52
7397,92.011
7399,92.676
7400,102.69
7403,76.076
7405,110.23
7408,110.12
7414,111.48
7416,101.53
7417,92.621
7419,94.463
7420,106.25
7421,93.639
7422,93.559
7423,104.11
7425,76.407
7430,94.008
7432,92.057
7433,96.158
7434,109.67
7436,108.6
7437,91.771
7438,105.16
7440,106.52
7441,94.02
7442,111.13
7445,111.26
7446,101.67
7448,110.45
7450,100.66
7451,92.393
7454,112.33
7455,89.978
7457,109.31
7459,101.45
7462,93.214
7464,92.393
7465,105.8
7466,93.236
7467,109.07
7469,113.02
7472,93.662
7473,109.76
7479,94.118
7480,103.33
7484,109.65
7491,93.251
7494,105.44
7495,93.711
7501,90.591
7503,93.263
7504,103.44
7505,93.144
7508,110.53
7509,92.357
7510,76.76
7511,112.19
7515,93.508
7516,104.08
7517,92.937
7518,104.63
7519,92.339
7521,95.497
7522,102.23
7524,104.48
7526,102.05
7527,92.902
7528,103.35
7529,92.445
7534,109.17
7537,111.2
7538,93.862
7540,94.079
7541,111.89
7545,110
7551,112.98
7553,93.273
7554,102.71
7555,93.735
7561,111.13
7562,93.466
7564,91.729
7565,107.25
7566,92.585
7567,108.6
7569,100
7570,93.136
7571,111.99
7572,89.625
7574,104.06
7578,110.45
7579,92.791
7586,92.782
7587,76.95
7590,94.416
7593,109.76
7594,95.361
7595,92.585
7600,90.668
7601,76.8
7602,93.602
7603,111.31
7604,91.346
7606,92.024
7608,112.33
7613,76.807
7615,111.42
7616,108.81
7617,114.97
7618,92.902
7619,103.64
7622,94.982
7623,102.21
7624,93.761
7625,102.78
7626,92.585
7627,102.66
7628,75.059
7631,102.43
7632,103.7
7633,94.172
7634,112.48
7635,92.369
7636,112.34
7637,112.34
7639,91.336
7640,76.971
7644,112.06
7645,93.081
7648,102.68
7649,92.639
7650,110.26
7652,105.8
7653,89.528
7655,93.076
7659,110.03
7662,95.833
7664,93.124
7666,95.092
7668,93.263
7669,110.01
7670,94.218
7672,94.571
7673,110.25
7678,90.599
7679,80.094
7680,103.83
7683,92.164
7685,115.96
7688,93.559
7690,108.7
7692,91.795
7693,95.13
7695,112.08
7696,93.127
7698,92.806
7699,111.27
7702,90.159
7703,112.1
7704,93.495
7707,112.19
7713,76.681
7715,102.28
7717,107.18
7718,93.315
7719,104.08
7721,112.06
7722,92.344
7725,100.27
7727,97.803
7730,75.088
7733,88.045
7735,100.12
7740,111.01
7741,110.97
7742,89.706
7744,111.15
7747,92.192
7750,75.916
7752,110.24
7754,110.84
7756,108.19
7757,91.954
7758,103.08
7760,102.74
7761,91.699
7763,108.39
7765,93.516
7767,111.25
7768,92.85
7771,92.002
7773,89.731
7774,113.3
7776,104
7779,92.261
7783,89.808
7786,105.56
7787,94.023
7789,90.144
7791,92.048
7793,93.72
7794,107.02
7795,89.523
7799,75.897
7800,108.02
7802,93.804
7805,106.56
7807,100.1
7808,93.828
7811,102.51
7817,107.72
7818,102.61
7819,91.567
7822,91.228
7823,109.66
7825,110.61
7828,91.169
7832,91.881
7833,76.31
7834,110.7
7835,92.49
7837,92.095
7840,90.513
7842,92.963
7843,108.73
7844,92.471
7846,91.699
7850,91.246
7853,110.16
7855,111.16
7858,92.532
7863,109.14
7865,111.12
7866,88.493
7868,90.828
7869,109.03
7871,76.071
7872,102
7874,100.73
7877,112.24
7878,91.996
7879,106.96
7881,92.117
7883,92.9
7885,101.19
7886,92.187
7889,95.323
7890,105.6
7891,93.433
7893,93.57
7894,101.21
7896,109.17
7898,100.84
7901,92.174
7902,109.58
7904,109.25
7905,92.395
7906,112.6
7909,91.554
7910,102.26
7913,91.118
7918,110.91
7919,90.107
7923,90.046
7925,91.48
7927,88.931
7930,93.169
7932,92.975
7933,91.896
7935,92.659
7939,101.8
7942,88.558
7943,108.17
7945,101.39
7946,91.902
7948,94.396
7949,108.67
7950,90.423
7951,111.25
7955,100.53
7959,93.161
7960,111.01
7961,90.791
7962,101.07
7964,101.89
7965,92.262
7966,110.98
7967,102.66
7968,93.627
7971,102.13
7974,90.107
7976,106.32
7978,109.66
7982,111.01
7983,92.369
7984,102.78
7986,92.649
7989,108.67
7991,109.58
7992,110.09
7993,88.659
7994,110.43
7995,91.881
7997,93.567
7998,102.78
7999,107.72
8002,92.676
8007,93.573
8009,90.125
8011,92.766
8013,92.081
8015,99.737
8017,110.97
8019,114.88
8023,92.371
8024,110.75
8026,110.85
8027,89.181
8029,91.376
8030,111.85
8031,91.503
8033,91.933
8035,91.426
8036,103.69
8039,102.42
8042,90.846
8044,90.34
8046,78.66
8048,111.46
8049,92.395
8050,101.56
8053,89.756
8054,91.161
8059,91.007
8061,92.383
8062,110
8064,108.83
8066,104.52
8067,92.045
8068,94.018
8070,92.379
8071,110.72
8072,92.177
8076,90.999
8080,90.12
8081,109.23
8084,96.648
8087,112.28
8089,90.477
8090,115.75
8091,101.34
8094,114.45
8100,88.567
8101,92.824
8110,92.196
8111,109.58
8112,91.501
8115,110.29
8116,90.781
8118,108.83
8121,115.44
8125,105.87
8127,109.56
8128,92.16
8129,109.47
8131,96.229
8138,92.728
8139,102.92
8140,90.31
8141,89.731
8142,109.62
8143,110.78
8145,110.85
8146,91.584
8148,110.62
8153,110.56
8154,90.776
8155,109.23
8161,94.269
8162,108.46
8163,91.272
8166,109.93
8168,111.97
8170,93.19
8172,111.09
8173,91.618
8176,105.17
8179,89.734
8181,93.585
8182,116.53
8184,110.55
8190,104.25
8191,94.666
8194,114.28
8196,110.48
8198,112.8
8199,111.68
8201,111.45
8202,91.328
8207,92.765
8208,109.97
8211,109.92
8214,108.83
8217,89.633
8218,109.55
8222,92.364
8229,104.4
8231,94.055
8233,95.933
8236,93.671
8238,111.5
8240,102.08
8243,102.61
8246,109.18
8250,90.918
8254,92.847
8256,76.402
8257,109.94
8258,90.346
8260,92.977
8261,112.39
8263,112.68
8264,92.275
8267,108.66
8268,89.636
8271,91.77
8272,109.97
8275,94.319
8276,92.539
8277,104.58
8278,114.46
8279,92.563
8280,109.09
8281,92.43
8282,108.73
8287,110.28
8288,90.61
8289,110.2
8294,91.852
8296,91.141
8299,112.05
8302,103.02
8308,112.6
8314,102.2
8315,92.096
8316,108.86
8317,93.948
8319,111.88
8320,91.106
8321,116.16
8323,92.904
8325,94.924
8326,109.83
8328,110.08
8330,108.41
8331,90.976
8332,112.25
8334,92.235
8338,92.586
8339,93.791
8341,89.593
8345,110.53
8346,92.577
8347,101.11
8349,93.193
8351,94.772
8352,111.36
8353,110.08
8355,110.25
8358,108.23
8359,106.86
8360,93.295
8361,111.23
8363,101.95
8364,93.131
8365,93.712
8366,102.86
8370,109.02
8372,93.377
8376,92.216
8377,111.94
8379,110.78
8380,90.171
8381,111.82
8386,89.967
8388,101.6
8389,95.946
8391,110.88
8394,92.847
8396,102.29
8398,104
8400,111.83
8401,89.55
8404,89.593
8407,92.976
8408,109.41
8409,108.47
8410,103.39
8411,93.506
8413,91.086
8414,110.19
8416,92.082
