1,77.869
2,93.702
3,77.73
4,77.724
5,109.84
8,91.451
10,102.15
11,95.89
12,116.49
14,93.683
15,116.93
16,102.95
17,99.131
19,96.375
20,103.59
21,99.131
22,116.94
23,99.131
26,94.148
28,94.748
29,99.131
33,99.131
35,95.404
41,99.131
42,94.622
43,116.8
45,99.288
46,101.67
51,94.538
53,77.692
55,106.96
56,101
57,105.01
58,97.458
59,105.48
63,108.44
64,95.455
65,103.37
69,95.24
71,98.35
72,104.93
73,94.439
76,105.05
77,102.85
78,116.86
82,93.97
83,103.37
84,99.374
85,104.13
87,110.25
88,99.131
89,108.3
91,93.392
93,103.8
94,105.56
95,94.363
96,110.63
97,91.4
98,112.07
99,101.19
101,105.4
103,108.3
104,94.169
105,108.61
110,100.08
111,110.78
113,109.29
114,94.001
115,108.35
117,108.3
120,98.357
121,110.1
122,96.583
123,108.21
126,109.65
132,112.15
135,107.54
137,103.01
138,93.256
140,101.74
142,107.45
144,110.89
148,92.82
149,98.893
155,97.029
156,110.9
157,91.4
162,111.51
163,93.746
167,96.223
172,116.8
179,110
180,96.672
181,111.42
182,98.384
183,108.3
185,108.3
187,109.73
188,94.439
189,94.296
191,97.848
192,109.49
193,94.751
194,110.53
195,93.858
196,108.35
198,100.71
199,111.06
201,103.5
204,93.053
205,103.35
206,104.41
210,100.35
211,105.4
216,111.64
219,116.49
220,96.317
221,111.55
226,111.42
227,98.523
228,110.81
230,110.89
231,91.4
235,116.94
236,95.995
238,110.69
242,104.52
243,93.734
244,79.005
245,110.93
247,112.43
248,91.952
249,95.312
250,111.94
251,95.995
253,116.94
254,94.542
256,92.868
257,91.352
258,111.72
259,99.833
262,78.203
266,99.198
267,110.09
272,103.28
273,108.3
275,97.311
276,111.25
279,95.158
280,103.37
283,96.76
285,110.87
288,108.3
289,96.316
290,103.5
291,104.24
292,108.05
293,111.01
296,97.488
297,110.59
298,116.86
299,93.97
304,94.062
305,77.56
306,92.721
307,111.42
311,104.12
313,111.31
314,92.669
316,97.719
324,95.948
327,94.178
329,93.273
330,110.94
337,102.82
338,95.361
339,102.57
340,95.754
343,92.938
345,116.93
346,96.363
347,111.61
349,108.03
350,93.684
352,109.28
353,95.304
354,77.974
357,93.016
358,109.09
362,107.79
364,99.407
365,104.3
366,93.663
367,106.02
368,92.168
370,77.172
373,97.343
377,94.433
378,107.62
382,105.05
384,110.84
390,94.686
392,109.66
393,112.43
395,95.458
396,108.02
399,78.65
406,111.31
408,111.31
409,94.577
410,77.891
412,110.77
413,91.106
419,92.533
420,110.29
421,91.167
430,96.349
434,93.398
436,96.502
437,101.12
438,91.709
439,110.1
440,101.17
443,104.37
446,93.172
448,92.55
452,95.952
453,104.31
457,103.47
458,94.829
459,113.38
460,103.8
462,106.97
464,100.78
465,116.49
467,110.14
471,109.78
472,77.564
473,95.848
475,92.825
480,101.5
488,112.48
490,111.42
491,104.34
492,77.368
493,93.349
497,90.992
498,111.12
499,96.513
500,102.78
501,94.605
502,112.91
506,77.472
510,104.36
511,92.988
512,93.628
516,94.627
518,94.737
519,110.81
521,93.706
522,108.13
526,111.05
529,98.332
532,111.64
533,93.109
536,110.98
537,94.499
539,94.172
540,104.2
541,96.052
543,94.383
546,111.86
547,96.999
548,78.798
551,92.293
552,102.87
556,101.07
557,94.649
558,106.02
559,103.38
560,105.86
562,103.35
566,98.1
570,111.12
571,101.12
572,103.37
573,94.439
575,116.49
576,110.87
577,93.425
579,92.024
580,109.34
581,112.15
589,111.42
591,102.86
593,101.79
594,104.06
595,95.305
598,93.085
602,111.72
604,110.47
606,107.76
608,92.975
609,105.4
610,93.998
616,112.02
617,95.5
618,103.35
620,104.21
622,107.86
623,91.822
624,107.26
626,112.16
628,112.13
629,96.398
630,110.89
637,106.74
638,104.4
643,99.017
645,101.5
646,109.53
648,97.863
652,97.451
653,101.26
654,111.12
656,112.2
657,101.35
659,99.197
660,106.86
663,94.828
664,110.42
666,104.13
668,110.1
669,94.666
671,95.247
675,94.926
677,96.47
678,110.5
679,106.46
682,98.253
685,104.65
687,96.044
688,92.688
693,110.75
696,94.178
698,95.44
701,93.812
704,104.93
705,116.57
709,109.62
710,96.082
711,104.51
712,96.313
714,111.63
715,95.839
716,111.42
717,95.205
720,116.93
721,97.848
724,92.714
725,94.136
726,111.88
728,109.75
731,98.555
734,104.27
738,95.147
745,110.86
746,93.663
751,78.188
754,95.014
756,96.514
758,96.393
759,105.99
761,117.19
766,96.566
767,111.13
768,91.822
769,99.159
770,96.366
771,77.368
772,103.57
773,91.993
774,111.77
776,110.81
777,114.69
780,116.8
782,104.4
787,101.85
788,94.071
792,91.745
793,109.8
798,97.743
800,91.51
806,111.42
809,110.96
811,97.056
812,96.176
814,116.49
816,101.49
817,102.64
818,102.13
820,101.24
823,94.83
829,92.437
830,106.16
831,91.349
834,111.6
839,95.586
841,78.085
844,105.05
845,93.85
848,94.426
850,97.453
851,103.82
852,95.825
854,95.393
855,101.68
856,102.53
859,102.42
861,111.77
864,93.718
865,110.96
866,97.199
867,95.659
869,96.211
871,95.803
872,111.42
882,102.85
883,93.782
885,98.414
888,94.167
893,111.77
901,110.92
903,104.34
904,95.008
905,103.71
910,100.57
911,110.32
914,110.06
918,102.39
921,91.341
928,93.768
929,102.4
932,102.44
933,103.1
934,100.57
935,110.32
937,78.216
939,94.371
940,101.52
941,95.452
942,104.97
943,95.671
944,102.55
947,111.42
949,106.67
951,101.48
952,100.4
953,104.34
954,77.797
957,110.81
959,91.167
960,109.8
963,116.49
965,111.42
967,105.21
971,93.576
972,78.308
973,95.379
974,110.49
975,95.924
978,109.29
980,112.2
981,95.851
984,110.28
986,100.57
988,91.822
989,111.68
990,102.91
992,110.92
996,102.01
999,110.62
1000,92.498
1001,110.96
1002,91.522
1003,110.81
1004,91.225
1008,109.95
1009,94.353
1010,107.32
1012,110.98
1013,92.744
1014,108.01
1015,96.074
1016,116.64
1019,96.872
1020,105.24
1021,100.57
1022,104.73
1024,100.57
1025,78.771
1027,96.586
1028,103.59
1029,94.632
1030,94.324
1033,110.66
1036,94.803
1037,108.72
1038,93.869
1042,94.371
1043,101.13
1044,92.892
1045,112.07
1047,113.01
1050,95.059
1051,111.77
1054,94.83
1056,95.851
1057,93.737
1059,94.879
1062,96.317
1063,105.36
1064,95.851
1066,93.934
1070,104.97
1076,112.38
1077,101.63
1078,112.24
1080,111.52
1082,100.08
1083,94.178
1089,102.96
1091,94.167
1093,93.039
1097,94.715
1099,92.11
1101,101.2
1103,97.326
1104,113.15
1106,104.69
1109,95.169
1110,110.81
1111,98.661
1112,115.27
1114,94.51
1116,94.958
1117,106.92
1120,97.17
1124,110.5
1125,93.078
1126,110.09
1134,111.56
1137,93.354
1138,113.47
1144,111.28
1145,96.081
1146,92.395
1148,95.854
1150,97.651
1152,105.05
1153,93.5
1154,104.84
1155,94.439
1157,94.552
1162,93.97
1165,110.56
1166,93.555
1167,104.16
1168,100.64
1169,102.42
1171,116.94
1172,94.063
1173,102.42
1174,92.916
1176,99.341
1177,102.34
1178,93.016
1182,111.56
1186,102.01
1187,112.67
1188,95.308
1189,116.8
1191,106.69
1192,93.97
1197,109.99
1198,94.846
1200,78.049
1201,95.289
1203,98.559
1209,116.49
1214,103.52
1218,109.22
1222,95.295
1226,95.621
1228,100.71
1230,93.953
1232,78.395
1233,98.473
1236,112.82
1238,96.163
1241,111.28
1244,103.49
1246,94.881
1247,110.18
1250,110.38
1251,95.007
1254,102.8
1255,96.204
1256,108.34
1257,97.043
1258,103.7
1259,111.2
1260,103.57
1263,111.4
1267,77.483
1268,109.59
1271,94.439
1272,111.77
1274,104.83
1275,93.97
1276,111.77
1277,93.985
1279,92.395
1281,101.63
1282,95.308
1283,111.42
1285,109.98
1286,93.345
1289,112.3
1296,106.51
1299,97.062
1301,103.12
1306,96.046
1307,93.745
1308,94.148
1313,111.77
1314,94.242
1315,110.81
1316,99.164
1317,111.86
1319,93.516
1323,98.916
1324,106.59
1325,93.007
1328,101.12
1329,93.692
1330,112.34
1331,94.862
1332,102.6
1337,93.951
1338,100.86
1339,93.069
1340,112.27
1343,99.4
1347,104.49
1348,93.864
1349,105.32
1352,92.395
1354,101.55
1359,110.32
1360,99.577
1363,111.61
1364,94.178
1365,104.48
1366,99.296
1372,102.47
1375,101.86
1376,93.717
1378,94.17
1379,110.51
1380,101.07
1381,102.42
1384,109.26
1387,97.267
1388,113.16
1392,78.171
1394,101.53
1395,93.849
1396,111.35
1398,96.205
1399,111.35
1400,94.777
1401,93.082
1403,96.576
1404,101.44
1406,111.35
1407,94.704
1408,111.55
1410,77.483
1412,111.35
1413,93.039
1415,95.412
1420,111.55
1422,109.22
1423,104.69
1424,111.55
1425,104.06
1426,77.483
1427,98.559
1429,95.919
1430,112.27
1431,100.1
1432,102.82
1434,113.27
1437,94.172
1438,104.67
1440,110.01
1441,110.43
1442,93.016
1444,105.91
1445,94.955
1446,104.9
1448,92.565
1453,95.555
1454,111.35
1455,93.97
1456,108.54
1458,111.35
1459,94.867
1461,97.741
1465,97.267
1466,108.49
1469,100.08
1472,95.555
1474,94.552
1477,111.59
1479,102.06
1482,103.41
1483,78.49
1487,95.655
1488,110.94
1490,111.08
1492,106.98
1494,116.87
1496,97.752
1497,94.477
1499,97.02
1502,93.989
1507,101.8
1508,92.395
1509,102.06
1511,93.253
1512,110.14
1513,116.86
1514,103.59
1518,111.37
1519,91.077
1522,112.03
1524,78.047
1527,93.016
1529,92.717
1532,104.69
1536,110.31
1537,116.49
1539,99.623
1542,110.63
1543,93.717
1544,102.64
1545,78.138
1550,93.682
1551,110.05
1554,103.18
1556,105.05
1559,97.043
1560,78.881
1562,97.437
1566,91.193
1567,111.55
1569,105.45
1570,114.57
1571,112.62
1574,92.395
1578,104.85
1580,96.046
1583,109.34
1584,92.395
1585,108.35
1586,100.46
1587,110.94
1588,91.001
1590,116.3
1592,102.32
1596,103.2
1598,111.12
1599,94.821
1604,108.61
1606,102.13
1607,93.039
1608,99.273
1609,116.94
1611,96.327
1613,95.158
1616,95.388
1619,111.84
1620,96.286
1621,111.21
1622,96.368
1625,110.77
1627,116.94
1629,109.91
1634,93.882
1636,94.846
1638,105.04
1639,93.219
1641,95.885
1643,93.683
1644,104.72
1645,116.8
1646,100.71
1647,103
1648,96.815
1652,96.046
1653,111.86
1656,97.034
1658,94.821
1659,110.53
1661,98.86
1663,93.039
1664,109.13
1665,94.439
1666,105.05
1667,100.18
1668,77.844
1669,98.699
1670,93.913
1672,110.83
1674,107.98
1677,110.94
1678,91.5
1679,111.1
1680,100.87
1683,102.4
1686,101.2
1687,109.2
1689,106.35
1690,93.486
1691,116.79
1692,111.03
1693,92.395
1695,95.513
1696,95.555
1697,110.94
1700,105.05
1701,97.59
1702,111.07
1703,91.628
1704,109.12
1706,95.701
1707,110.28
1708,95.795
1710,93.567
1711,102.31
1713,106.33
1717,103.04
1719,104.85
1720,93.809
1722,95.655
1725,102.24
1726,96.494
1727,98.724
1729,110.97
1730,96.046
1731,109.07
1733,105.05
1734,95.277
1735,109.22
1738,95.158
1742,95.338
1745,107.98
1747,97.367
1749,95.994
1751,96.476
1752,77.758
1753,101.78
1754,96.728
1755,92.797
1756,105.02
1758,111.6
1759,93.97
1760,104.23
1761,110.74
1762,94.117
1763,109.13
1764,96.57
1766,97.008
1768,94.052
1769,77.829
1771,110.2
1772,92.39
1773,102.7
1774,93.993
1775,109.96
1777,111.58
1779,93.97
1780,103.73
1787,91.774
1788,92.427
1790,96.463
1796,111.1
1801,91.594
1803,95.712
1807,110.9
1809,108.83
1812,96.233
1813,110.74
1814,97.833
1815,110.06
1816,92.918
1818,95.372
1820,92.135
1821,113.1
1822,96.311
1825,93.569
1826,102.17
1828,96.572
1831,103.74
1836,104.48
1837,93.017
1841,94.552
1844,102.83
1848,92.839
1851,99.623
1852,94.946
1853,92.192
1854,112.56
1856,95.695
1859,109.14
1860,95.781
1861,77.852
1863,103.4
1865,95.452
1866,102.2
1867,93.683
1868,91.694
1872,93.692
1879,103.84
1880,104.13
1882,95.606
1885,103.73
1887,102.11
1888,95.609
1890,102.86
1894,94.646
1895,102.74
1896,96.66
1897,111.88
1900,95.194
1901,97.46
1902,112.36
1905,95.476
1906,110.59
1912,104.34
1915,96.346
1916,104.67
1917,94.403
1918,101.97
1920,78.056
1923,95.739
1924,100.32
1925,96.523
1930,117.01
1932,111.31
1933,97.89
1934,105.67
1935,97.46
1940,77.483
1941,95.533
1942,112.33
1943,95.663
1944,92.506
1945,103.36
1948,116.49
1949,93.699
1952,99.147
1954,92.795
1955,111.55
1958,92.951
1959,77.72
1960,109.13
1963,96.294
1965,94.562
1968,102.74
1969,94.178
1971,96.307
1972,111.02
1973,91.324
1975,91.237
1977,98.113
1978,92.876
1979,111.24
1981,91.008
1982,111.22
1987,114
1988,91.213
1993,100.81
1997,93.547
1999,95.941
2001,94.646
2002,112.93
2003,95.214
2004,78.896
2006,111.19
2007,95.24
2009,103.59
2010,95.044
2013,94.668
2018,78.55
2022,102.14
2024,112.61
2025,95.71
2026,104.36
2030,103.59
2031,96.117
2032,104.34
2033,97.078
2035,98.239
2036,112.32
2037,91.957
2040,95.158
2043,110.97
2044,104.34
2046,104.76
2054,112.45
2055,95.03
2056,103.73
2059,93.708
2060,97.46
2062,94.628
2063,106.62
2066,94.646
2067,109.22
2072,93.124
2073,105.9
2074,94.513
2075,103.25
2076,96.021
2080,96.064
2082,97.46
2085,102.86
2087,109.81
2091,108.72
2092,94.225
2093,103.73
2098,96.674
2101,109.13
2102,96.324
2103,77.483
2105,101.27
2106,94.439
2107,104.37
2110,95.952
2114,93.45
2115,112.83
2117,77.412
2118,95.091
2119,105.37
2120,96.216
2122,97.331
2123,110.69
2126,95.921
2127,103.7
2128,94.201
2129,112.34
2132,99.711
2135,105.16
2138,100.97
2139,117.01
2141,105.17
2142,93.146
2146,101.84
2151,112.8
2157,103.26
2159,100.24
2162,94.439
2164,116.64
2167,91.191
2168,111.75
2171,100.78
2173,95.787
2174,103.41
2175,93.36
2178,94.439
2180,95.158
2185,112.19
2189,94.097
2190,109.22
2192,102.31
2194,112.92
2200,102.76
2201,94.894
2203,111.93
2204,95.028
2205,111.04
2209,109.49
2213,105.5
2214,93.019
2215,109.04
2216,95.014
2218,95.465
2219,108.5
2220,98.542
2222,91.464
2223,109.92
2225,106.2
2226,97.36
2230,93.592
2233,109.21
2234,111.49
2235,95.028
2236,77.531
2237,92.528
2240,113.04
2241,99.379
2248,104.87
2249,94.007
2250,96.324
2252,112.12
2253,92.957
2254,113.06
2256,77.54
2258,94.701
2259,105.99
2262,94.668
2265,94.172
2266,104.03
2269,100.77
2271,99.653
2273,92.2
2274,110.47
2275,95.041
2277,96.17
2279,95.028
2280,77.835
2282,95.158
2283,102.64
2288,91.622
2289,107.47
2291,96.246
2292,117.81
2297,101.02
2298,102.33
2299,93.839
2300,111.16
2301,91.993
2304,95.252
2305,100.26
2306,94.668
2308,95.691
2309,96.533
2311,95.217
2312,107.04
2316,103.39
2321,102.31
2322,110.98
2325,105.07
2326,93.271
2329,117.81
2330,95.997
2331,102.31
2332,109.35
2333,94.668
2334,101.37
2335,108.23
2337,109.28
2338,101.3
2340,109.35
2342,97.034
2345,95.844
2349,95.132
2351,78.914
2352,96.525
2354,111.32
2355,111.6
2357,106.2
2358,94.769
2360,100.92
2361,111.32
2364,93.016
2366,98.335
2369,103.46
2370,101.37
2371,109.21
2373,106.24
2374,97.898
2376,110.72
2378,104.84
2382,100.25
2383,92.447
2386,104.11
2387,97.065
2389,96.789
2390,103.03
2392,95.39
2398,109.35
2399,96.002
2400,93.124
2401,106.38
2402,94.829
2404,93.979
2407,104.93
2408,112.96
2409,104.44
2412,77.757
2413,103.53
2415,94.323
2420,107.8
2422,101.85
2423,102.48
2426,94.659
2432,96.288
2434,95.469
2435,96.689
2436,109.35
2438,106.55
2440,111.72
2443,98.478
2444,93.449
2447,104.87
2450,95.916
2454,103.03
2455,111.11
2459,94.668
2460,110.8
2463,98.752
2465,102.32
2468,77.802
2469,95.047
2474,94.247
2478,94.166
2480,94.346
2481,113.04
2489,95.158
2490,103.59
2492,97.043
2496,94.668
2497,102.7
2500,95.743
2505,95.158
2507,99.276
2508,111.04
2509,94.744
2510,79.319
2513,91.213
2515,95.158
2518,92.447
2519,104.35
2520,92.447
2521,108.52
2523,110.57
2525,97.848
2529,111.69
2530,94.996
2533,106.61
2535,94.743
2538,100.08
2544,104.7
2553,113.78
2556,94.649
2558,91.285
2559,108.85
2560,93.718
2561,112.98
2562,95.648
2563,106.29
2564,96.046
2565,109.21
2567,104.5
2572,92.921
2575,96.288
2576,111.25
2577,93.633
2578,94.638
2579,110.45
2580,95.773
2582,109.24
2583,94.698
2587,94.714
2589,113.23
2590,97.244
2591,111.69
2594,97.555
2597,94.792
2598,104.54
2599,95.262
2600,98.034
2602,107.98
2603,92.921
2604,103.65
2606,105.75
2607,77.758
2608,93.124
2613,111.04
2614,93.417
2615,111.13
2617,111.57
2620,97.764
2623,101.61
2624,93.487
2627,111.04
2629,77.758
2630,96.602
2632,96.8
2636,94.603
2639,104.94
2640,102.97
2642,111.69
2644,105.16
2646,103.96
2647,94.29
2649,96.493
2650,102.42
2652,105.05
2653,93.174
2655,104.22
2657,109.35
2659,111.31
2662,91.8
2663,113.31
2664,104.46
2665,103.22
2670,95.829
2671,105.2
2672,93.046
2675,105.05
2677,102.85
2679,105.22
2683,112.69
2684,92.918
2685,95.409
2688,102.68
2689,103.47
2690,104.96
2693,97.176
2694,107.17
2697,104.26
2699,95.997
2703,99.858
2705,104.23
2709,78.42
2710,95.581
2711,110.89
2712,94.209
2713,102.56
2714,106.9
2715,93.767
2717,91.451
2718,109.76
2720,111.75
2721,96.13
2726,93.366
2728,93.613
2731,101.97
2732,111.32
2734,94.718
2736,104.4
2737,97.404
2738,103.09
2739,101.27
2746,95.035
2749,102.62
2751,116.8
2752,105.61
2753,94.443
2757,103.78
2758,95.826
2759,103.19
2760,95.382
2762,111.42
2764,94.908
2765,107.1
2769,106.37
2771,111.66
2774,96.394
2776,99.427
2777,97.842
2778,97.043
2779,113.48
2782,92.733
2784,96.797
2787,99.265
2789,93.096
2792,97.063
2798,95.723
2799,102.58
2800,97.369
2801,79.533
2802,100.99
2804,94.145
2807,104.48
2808,102.13
2809,104.5
2811,116.86
2812,100.42
2814,91.158
2816,95.832
2817,111.96
2818,112.22
2820,107.26
2821,78.632
2822,93.093
2823,103.88
2824,95.718
2826,97.692
2829,97.043
2834,93.971
2835,77.874
2838,96.612
2839,110.14
2840,96.571
2841,102.2
2842,94.668
2846,110.31
2848,102.77
2849,95.511
2850,106.9
2851,93.97
2853,94.82
2854,111.69
2858,109.06
2861,102.59
2864,97.043
2865,113.31
2866,111.72
2867,95.063
2868,110.61
2870,111.72
2877,95.923
2878,111.04
2880,111.17
2882,78.564
2883,96.026
2884,102.31
2885,93.823
2887,95.158
2888,107.68
2889,96.633
2890,104.86
2891,95.217
2892,116.64
2893,95.28
2898,111.17
2899,98.579
2900,112.12
2901,93.6
2909,100.39
2910,108.59
2911,107.66
2913,104.2
2914,94.065
2918,93.187
2919,111.87
2920,94.972
2921,111.04
2922,95.347
2923,97.813
2925,103.12
2926,95.773
2927,111.54
2929,111.23
2933,91.615
2934,100.94
2936,109.18
2941,100.4
2942,96.082
2943,110.74
2945,105.26
2950,92.025
2951,112.38
2953,105.23
2954,101.04
2955,103.62
2956,97.227
2960,99.432
2962,99.292
2963,108.01
2964,104.72
2966,78.184
2967,94.526
2968,97.129
2969,91.165
2971,95.411
2972,101.02
2974,100.66
2975,103.02
2977,117.04
2980,109.92
2981,93.517
2983,102.65
2984,102.2
2985,117.81
2986,103.52
2987,101.02
2989,96.83
2990,112.91
2991,94.596
2992,77.484
2995,103.58
2996,98.433
3002,109.58
3004,110.29
3005,117.65
3006,96.692
3010,96.026
3011,103.16
3014,95.773
3015,97.423
3016,94.172
3017,99.559
3018,96.174
3021,102.78
3024,104.52
3028,95.492
3030,97.043
3032,95.567
3039,96.624
3040,108.11
3041,99.185
3043,98.638
3044,111.29
3046,101.54
3055,97.548
3056,111.73
3058,91.955
3059,106.68
3061,116.49
3063,104.34
3066,94.058
3067,104.52
3068,77.96
3069,95.985
3072,116.86
3073,111.11
3074,93.064
3077,92.286
3082,94.614
3084,103.58
3085,103.66
3088,105.19
3091,92.403
3092,109.36
3093,95.584
3094,101.97
3096,105.67
3097,96.046
3098,78.575
3102,116.86
3106,94.719
3109,93.763
3111,91.824
3112,117.65
3113,96.344
3115,93.124
3116,111.5
3117,98.317
3121,104.76
3122,98.767
3123,95.762
3124,103.3
3125,94.172
3126,102.88
3127,116.93
3129,92.626
3130,111.91
3132,103.95
3134,109.21
3135,98.972
3137,78.294
3138,95.844
3140,97.539
3144,108.4
3145,92.562
3146,111.13
3147,97.105
3148,102.29
3149,104.61
3150,113.38
3151,95.108
3152,94.259
3155,100.18
3156,106.89
3159,91.278
3161,104.47
3162,105.2
3163,97.433
3165,102.2
3172,98.071
3173,96.589
3176,94.513
3177,103.8
3179,103.02
3183,93.623
3186,95.675
3187,101.25
3189,111.03
3190,94.517
3192,116.93
3193,98.071
3194,111.06
3197,94.439
3198,97.844
3200,94.98
3201,117.55
3202,97.844
3204,95.158
3205,91.258
3206,105.82
3208,104.89
3210,103.29
3211,94.225
3212,116.49
3213,93.008
3214,109.08
3216,104.86
3219,91.992
3220,107.31
3221,96.344
3226,104.46
3227,102.62
3228,111.16
3229,95.822
3232,77.177
3233,94.591
3234,92.9
3236,101.31
3238,111.39
3239,110.04
3240,99.338
3247,112.13
3249,104.49
3252,112.53
3253,102.1
3254,104.28
3255,100.06
3256,108.59
3257,94.749
3262,99.672
3263,105.59
3264,97.227
3266,109.22
3267,98.109
3269,94.809
3272,117.81
3274,94.439
3275,102.33
3277,100.66
3279,98.304
3280,103.91
3283,94.225
3285,94.586
3287,94.05
3288,104.52
3290,102.52
3291,93.009
3298,111.6
3299,93.218
3302,101.55
3303,95.688
3304,99.61
3307,95.773
3309,93.034
3314,77.949
3316,110.3
3317,96.711
3319,95.346
3320,107.01
3321,96.014
3322,103.98
3324,92.024
3326,97.278
3329,101.61
3330,96.046
3331,112.08
3335,116.64
3337,99.052
3338,102.99
3339,96.222
3340,105.49
3341,97.809
3343,97.145
3346,97.333
3348,94.127
3351,104.73
3352,117.09
3355,91.561
3356,109.48
3358,101.41
3359,95.629
3360,100.44
3371,99.484
3372,96.16
3374,96.723
3377,101.85
3378,90.947
3380,102.85
3382,103.86
3386,94.327
3389,105.96
3391,103.98
3393,95.159
3394,104.47
3395,94.059
3397,111.04
3398,96.984
3399,78.759
3400,95.004
3404,102.05
3407,112.72
3409,105.99
3419,100.41
3421,92.981
3425,98.765
3427,78.112
3428,118.07
3429,112.17
3431,98.565
3435,94.942
3436,102.75
3439,97.136
3441,97.199
3442,118.07
3443,99.186
3444,101.3
3445,93.407
3446,108.19
3449,97.043
3453,95.915
3457,96.4
3460,104.04
3461,99.599
3462,95.555
3464,104.46
3465,77.96
3466,93.419
3467,103.22
3468,104.66
3469,103.27
3470,95.44
3472,111.9
3473,98.865
3475,92.165
3476,111.95
3478,103.23
3479,95.178
3483,92.963
3484,102.58
3485,97.19
3487,93.308
3488,109.14
3496,111.18
3497,99.171
3499,100.17
3500,77.746
3501,96.583
3504,94.392
3508,103.37
3511,94.477
3512,110.33
3515,93.552
3517,93.109
3518,94.137
3526,108.14
3528,106.15
3529,96.812
3530,111.96
3531,95.063
3532,102.79
3533,95.304
3534,95.952
3535,78.107
3536,95.204
3537,111.28
3538,92.23
3539,111.02
3540,105.49
3545,112.86
3546,90.987
3550,104.98
3551,95.559
3553,96.291
3554,104.04
3557,92.529
3558,110.47
3559,97.043
3561,92.989
3562,111.04
3563,94.042
3564,104.73
3565,93.407
3567,97.873
3571,104.73
3572,102.45
3574,104.03
3576,93.196
3577,112.91
3578,96.056
3579,93.25
3583,93.684
3585,102.21
3586,104.35
3587,110.81
3593,97.232
3594,104.5
3595,96.624
3599,96.044
3600,103.61
3601,111.9
3602,97.043
3604,95.529
3609,116.98
3610,109.35
3612,110.23
3614,110.71
3615,94.844
3617,98.202
3618,111.14
3619,110.54
3620,111.92
3621,92.856
3625,99.49
3626,102.13
3630,102
3631,100.9
3632,100.5
3633,94.64
3634,110.15
3637,94.514
3639,92.623
3640,109.74
3641,95.131
3644,109.46
3645,93.579
3646,95.313
3647,93.789
3648,110.79
3653,110.79
3654,93.14
3655,110.06
3659,103.46
3660,98.346
3662,101.64
3666,94.848
3668,99.547
3671,97.058
3673,99.342
3674,108.94
3675,95.517
3681,91.91
3682,110.78
3686,109.34
3687,97.308
3692,77.757
3695,111.96
3696,94.229
3699,109.87
3705,114.84
3707,77.652
3708,96.463
3709,110.79
3710,95.73
3712,94.741
3715,110.91
3716,92.703
3720,97.007
3722,77.652
3726,93.674
3728,98.833
3729,108.76
3731,102.61
3735,112.2
3736,92.647
3739,102.56
3741,113.5
3743,105.71
3744,97.15
3745,111.18
3746,105.4
3751,94.861
3753,96.027
3760,111.56
3761,95.534
3762,102.11
3763,98.162
3765,96.501
3768,109.56
3769,93.249
3770,99.115
3773,111.15
3774,97.246
3776,96.221
3778,94.443
3779,104.83
3780,94.336
3781,104.23
3782,100.55
3783,111.37
3784,95.277
3786,93.582
3789,106.87
3790,96.048
3793,109.82
3795,111.17
3797,103
3798,118.03
3800,102.6
3804,97.162
3810,94.879
3815,111.12
3816,97.162
3818,104.29
3824,111.9
3828,103.64
3830,108.31
3831,97.13
3832,77.828
3834,111.21
3835,94.63
3836,110.32
3838,95.158
3839,116.49
3840,111.77
3845,94.733
3846,111.31
3847,93.109
3849,78.487
3853,112.27
3855,103.37
3856,101.74
3864,78.327
3865,94.056
3866,113.19
3867,99.39
3868,102.6
3869,95.262
3871,94.156
3875,105.33
3876,97.567
3878,93.988
3879,110.49
3881,102.6
3883,109.26
3884,93.677
3886,99.48
3890,95.923
3893,105.63
3897,102.01
3901,98.304
3902,109.07
3913,98.797
3914,94.926
3916,96.828
3917,111.15
3924,99.848
3925,98.193
3928,96.712
3929,111.92
3932,95.977
3933,104.54
3934,77.919
3935,97.043
3936,94.802
3937,111.33
3938,94.014
3939,110.32
3943,93.226
3944,111.47
3945,111.05
3946,93.117
3947,108.87
3948,93.889
3949,111.12
3950,95.103
3951,107.11
3952,95.758
3953,101.86
3961,113.41
3962,97.702
3966,95.829
3967,105.56
3968,100.37
3969,110.95
3970,101.4
3971,103.65
3973,93.519
3974,111.22
3975,109.74
3977,97.034
3979,110.11
3985,99.627
3986,104.27
3988,109.66
3991,96.928
3992,103.63
3993,99.623
3994,93.182
3995,111.03
4005,104.83
4007,93.145
4008,103.98
4009,94.396
4010,109.03
4011,78.1
4012,91.248
4013,99.623
4015,101.75
4016,112.3
4018,103.02
4025,94.439
4026,107.31
4028,104.34
4029,97.227
4031,98.041
4032,111.35
4033,92.208
4034,102.33
4037,94.195
4038,103.29
4039,94.816
4041,95.409
4042,103.87
4043,103.18
4044,104.54
4045,93.13
4046,109.07
4047,98.429
4048,101.85
4049,95.958
4051,95.979
4052,111.93
4058,104.04
4062,112.94
4064,107.04
4067,92.004
4068,77.822
4070,94.845
4072,116.59
4074,112.53
4075,95.031
4076,111.12
4077,95.927
4078,108.1
4080,104.54
4082,106.59
4085,92.921
4086,104.75
4088,107.31
4089,95.262
4092,77.87
4094,98.974
4095,109.56
4096,93.217
4097,105.28
4102,98.246
4105,100.97
4107,111.53
4111,98.778
4112,105.31
4113,94.156
4114,105.88
4115,93.342
4116,111
4117,94.949
4118,94.914
4119,107.24
4120,94.706
4122,78.994
4125,94.685
4126,110.76
4129,110.81
4134,112.19
4137,95.8
4141,98.021
4142,94.785
4144,95.158
4145,99.848
4146,99.899
4150,93.345
4151,77.42
4154,92.004
4156,95.903
4157,107.89
4159,112.3
4160,96.22
4161,104.83
4168,95.734
4171,103.08
4172,110.9
4173,97.246
4175,94.759
4176,104.54
4177,95.158
4178,102.18
4179,97.825
4181,99.988
4183,97.227
4184,104.35
4185,91.547
4186,113.44
4188,110.18
4190,113.05
4192,92.141
4193,105.26
4194,111.58
4195,94.163
4196,77.905
4202,97.227
4203,102.86
4208,96.967
4209,112.79
4210,99.305
4211,101.71
4212,118.05
4214,103.16
4215,96.752
4216,112.69
4217,93.834
4219,94.397
4222,111.33
4224,78.566
4231,102.85
4232,97.227
4234,94.248
4236,95.158
4237,104.85
4240,96.842
4242,102.95
4243,93.696
4247,94.816
4248,108.98
4249,95.776
4254,102.08
4263,94.991
4265,110.77
4267,109.94
4268,112.34
4271,105.42
4272,95.576
4273,110.72
4274,93.558
4276,95.366
4278,94.172
4280,96.213
4281,111.01
4283,94.582
4284,110.27
4285,102.24
4286,110.15
4287,99.263
4288,111.14
4289,94.761
4290,77.97
4293,92.565
4296,103.19
4297,94.443
4299,97.269
4303,112.43
4310,100.05
4312,104.63
4318,104.55
4320,106.5
4322,92.913
4323,111.49
4325,103.58
4326,110.69
4328,107.01
4330,103
4332,112.37
4333,98.261
4335,97.603
4336,109.02
4338,101.81
4341,95.34
4342,102.55
4344,103.78
4347,95.454
4348,105.16
4351,106.01
4352,93.285
4353,98.686
4355,101.58
4356,92.921
4359,103.27
4360,103.04
4361,94.964
4364,95.578
4365,104.66
4368,98.972
4372,95.62
4374,95.919
4376,94.292
4377,104.57
4380,95.722
4383,108.16
4384,94.172
4385,94.317
4389,93.325
4391,95.454
4392,99.317
4393,92.707
4395,95.409
4396,111.04
4398,108.31
4399,102.91
4401,92.663
4406,97.325
4408,104.14
4412,105.16
4415,93.98
4418,99.891
4419,95.919
4420,77.752
4422,111.9
4423,95.919
4425,98.917
4428,93.688
4431,104.23
4434,97.034
4436,95.231
4437,112.17
4439,116.49
4440,96.016
4441,114.46
4444,100.28
4445,103.24
4446,95.894
4447,113.02
4452,107.71
4456,106.57
4457,93.407
4458,105.87
4460,92.921
4461,116.64
4462,94.728
4465,99.717
4466,93.912
4468,98.538
4469,106.23
4472,104.4
4475,98.135
4478,94.035
4479,112.51
4480,96.596
4483,78.265
4484,95.226
4485,103.03
4486,101.1
4488,94.302
4489,103.44
4490,97.128
4491,100.81
4492,102.64
4493,104.03
4494,94.975
4495,101.71
4498,79.107
4499,95.187
4500,102.44
4503,107.87
4505,100.27
4506,98.661
4507,96.344
4508,104.55
4510,110.56
4511,91.465
4513,101.08
4516,78.111
4519,93.514
4521,100.71
4531,95.049
4532,78.383
4533,101.15
4534,111.49
4536,104.55
4537,93.407
4539,98.568
4542,102.89
4545,93.573
4549,95.219
4551,93.275
4554,102.34
4556,108.71
4559,110.06
4561,108.41
4562,110.49
4566,110.21
4569,92.404
4570,111.04
4573,96.24
4574,99.314
4575,93.645
4577,93.915
4578,111.31
4580,109.93
4582,97.218
4583,111.9
4585,95.866
4587,104.55
4595,93.52
4596,104.73
4601,95.039
4602,110.8
4603,96.406
4605,110.83
4606,98.51
4607,107.73
4608,94.573
4610,96.723
4613,104.67
4617,95.893
4618,111.55
4619,93.197
4620,94.165
4622,98.076
4625,92.921
4626,104.55
4627,95.932
4629,95.083
4631,91.643
4633,104.55
4634,110.87
4635,94.193
4639,93.229
4640,106.82
4642,102.7
4644,99.769
4646,104.55
4647,93.648
4648,77.869
4649,93.039
4650,108.1
4655,95.219
4660,98.525
4661,113.83
4662,91.526
4663,110.75
4665,92.868
4666,107.39
4667,102.63
4668,94.865
4670,96.439
4671,105.35
4672,95.337
4673,102.17
4675,103.31
4676,96.444
4677,108.63
4680,96.3
4682,96.134
4683,110.06
4685,105.16
4686,94.681
4688,111.69
4690,104.59
4692,112.59
4693,94.061
4697,95.219
4700,109.9
4702,110.06
4707,116.64
4708,92.921
4710,77.693
4716,100.88
4717,96.72
4718,94.826
4720,96.68
4721,78.091
4723,99.701
4726,110.68
4727,90.585
4729,94.782
4731,94.952
4732,109.92
4735,101.1
4736,104.06
4737,96.406
4738,109.67
4739,111.42
4744,103.71
4747,94.872
4749,106.24
4750,92.921
4752,112.19
4755,100.02
4756,105.53
4757,111.25
4758,94.161
4759,102.72
4763,96.72
4764,103.87
4765,96.346
4766,92.473
4767,109.49
4769,110.07
4770,97.182
4771,77.469
4772,104.55
4774,111.58
4776,104.53
4777,110.1
4778,99.543
4780,96.032
4784,94.361
4786,99.094
4787,78.09
4788,98.157
4789,112.19
4791,104.64
4792,93.86
4795,111.86
4796,93.876
4803,96.356
4805,96.59
4807,96.062
4809,97.796
4816,93.264
4817,78.311
4818,90.786
4820,93.848
4821,102.22
4823,110.73
4824,93.244
4825,110.87
4829,92.753
4830,97.227
4831,110.15
4833,100.56
4836,94.926
4837,111.69
4838,95.461
4840,92.648
4841,77.691
4842,91.073
4843,112.18
4844,98.87
4849,103.91
4851,101.81
4852,96.747
4858,93.227
4860,97.227
4863,108.9
4864,95.265
4865,112.65
4867,96.132
4868,98.141
4869,112.55
4873,95.919
4875,99.769
4876,106.79
4877,100.39
4878,111.32
4880,78.234
4886,110.65
4888,103.44
4889,92.919
4890,106.32
4893,101.43
4895,100.87
4896,103.83
4899,98.084
4901,101.81
4902,110.69
4903,92.771
4904,112.19
4910,94.236
4912,92.501
4915,98.391
4916,104.48
4917,97.929
4920,104.55
4927,102.62
4928,95.951
4931,102.84
4934,98.671
4936,95.985
4939,109.86
4942,107.86
4943,97.276
4944,103.54
4945,98.196
4947,110.62
4948,95.684
4951,96.24
4952,112.19
4953,92.162
4956,92.771
4957,111.38
4958,93.846
4960,95.931
4968,99.387
4969,103
4971,104.45
4973,111.29
4975,109.11
4976,94.441
4978,98.374
4979,104.73
4982,94.518
4983,102.05
4984,95.397
4985,116.64
4986,97.354
4987,113.41
4988,100.17
4994,93.752
4995,97.277
5002,78.438
5004,96.943
5005,103.8
5006,95.158
5007,101.9
5009,106.03
5011,111.29
5014,101.14
5015,105.09
5018,96.412
5019,111.86
5020,99.255
5021,111.21
5022,93.461
5023,98.024
5025,97.201
5032,99.824
5034,95.79
5036,94.022
5038,95.613
5039,112.05
5046,98.748
5049,111.86
5051,97.118
5052,95.991
5053,111.58
5054,97.246
5055,95.312
5057,93.407
5059,99.496
5062,98.851
5063,108.29
5065,110.37
5069,92.822
5071,100.61
5074,111.23
5075,96.121
5076,109.67
5077,77.783
5079,105.13
5080,96.936
5081,111.46
5083,105.46
5088,103.27
5089,99.782
5093,102.22
5094,104.15
5095,102.63
5099,107.34
5101,110.23
5103,102.31
5104,99.156
5105,110.65
5107,95.219
5108,110.59
5109,95.253
5111,98.956
5112,111.01
5113,98.702
5114,103.45
5115,96.22
5118,98.805
5122,97.162
5123,78.16
5125,94.558
5127,102.06
5128,99.145
5129,116.86
5132,95.158
5134,98.742
5135,95.802
5137,109.54
5142,93.953
5143,104.38
5144,92.811
5148,99.15
5149,98.016
5150,99.848
5154,77.96
5155,96.624
5159,96.721
5164,100.97
5165,113.83
5166,98.38
5167,108.68
5169,98.066
5171,91.379
5172,111.01
5176,96.054
5184,107.47
5185,98.409
5186,102.58
5188,101.17
5189,104.33
5190,93.885
5191,113.83
5193,111
5196,95.261
5199,77.849
5200,102.85
5203,95.413
5204,109.31
5205,93.96
5207,103.1
5208,100.6
5212,99.91
5214,94.867
5218,95.18
5220,94.044
5222,92.14
5224,98.874
5225,104.55
5227,110.32
5229,105.43
5232,91.427
5233,117.1
5234,97.06
5237,111.13
5239,110.46
5240,97.069
5241,111.86
5244,101.13
5248,111.19
5251,91.78
5253,92.885
5255,93.864
5256,108.03
5257,96.509
5259,98.403
5260,108.9
5266,97.932
5268,93.128
5275,111.35
5276,110.75
5277,94.039
5279,94.363
5280,105.33
5281,93.692
5283,101.94
5284,77.483
5285,97.162
5286,104.99
5287,93.398
5289,94.809
5290,111
5292,112.28
5293,95.582
5294,106.35
5297,93.841
5299,94.511
5302,96.168
5305,77.652
5306,93.913
5308,94.838
5309,93.128
5310,108.14
5312,111.21
5316,110.07
5317,94.266
5319,77.943
5320,97.162
5323,96.484
5329,101.47
5331,111.42
5334,109.69
5336,110.42
5338,102.73
5341,99.099
5345,95.484
5348,93.071
5349,107.62
5355,99.201
5356,92.959
5360,103.64
5362,102.16
5364,112.08
5366,99.489
5367,95.681
5368,95.129
5370,94.721
5371,77.875
5373,104.65
5375,111.13
5376,95.468
5378,111.27
5379,100.68
5383,96.257
5384,98.264
5389,111.39
5391,78.138
5393,110.8
5395,108.07
5397,111.87
5398,93.19
5399,110.2
5401,117.32
5402,93.587
5403,111.02
5404,93.552
5407,77.758
5408,93.285
5413,105.11
5414,96.437
5417,95.839
5418,112.28
5420,110.72
5421,96.56
5424,99.725
5425,109.31
5426,94.4
5429,107.13
5431,97.264
5437,102.21
5440,91.957
5444,103.01
5446,105.85
5447,94.33
5451,93.471
5452,110.9
5455,97.06
5456,93.116
5458,95.488
5459,101.33
5460,97.176
5462,95.537
5463,110.82
5464,94.429
5465,111
5466,100.63
5467,102.14
5468,98.793
5469,110.35
5472,97.096
5474,97.853
5475,109.67
5476,97.162
5479,105.12
5480,111.63
5482,99.478
5485,95.237
5486,117.3
5488,78.965
5495,105.43
5496,100.5
5497,111.09
5499,107.79
5503,95.35
5504,97.554
5507,97.161
5509,100.88
5511,94.317
5512,111.47
5516,110.87
5517,97.949
5518,104.06
5521,93.042
5522,107.31
5527,101.76
5528,94.194
5529,104.7
5532,103.61
5533,99.1
5535,105.36
5536,100.99
5540,99.584
5547,94.473
5548,112.58
5550,78.564
5551,95.001
5554,111.24
5555,94.695
5559,108.02
5560,97.206
5561,111.83
5562,95.398
5563,109.67
5565,78.084
5566,95.06
5567,102.3
5568,95.166
5572,96.375
5574,105.62
5576,102.24
5579,110.96
5580,77.839
5581,95.173
5583,92.526
5584,110.96
5586,111.39
5587,101.31
5589,102.16
5591,101.78
5592,93.455
5593,97.923
5594,96.192
5595,77.447
5596,111.23
5597,96.147
5598,116.93
5599,99.068
5602,109.33
5603,96.192
5605,94.174
5607,99.093
5608,99.129
5609,92.614
5610,93.413
5612,94.607
5613,104.71
5614,95.644
5616,96.336
5621,94.021
5623,98.967
5628,112.96
5629,93.589
5631,104.9
5633,94.327
5638,104.29
5639,101.13
5640,104.81
5645,94.274
5646,77.659
5649,97.828
5653,101.77
5655,114.53
5656,96.23
5658,92.891
5662,117.25
5663,91.782
5667,94.476
5670,99.068
5671,101.91
5672,100.53
5673,102.31
5674,96.259
5675,99.995
5676,94.668
5679,112
5683,110.52
5687,96.586
5688,77.879
5690,93.838
5691,111.98
5692,95.359
5693,104
5694,95.586
5697,111.84
5698,97.479
5699,111.3
5704,94.829
5707,112
5709,101.81
5710,97.065
5714,94.018
5718,95.1
5721,95.917
5723,94.302
5724,110.37
5725,92.921
5726,102.54
5729,97.216
5730,103.36
5731,95.152
5733,78.88
5736,94.426
5741,108.46
5745,112.58
5747,97.718
5748,104.96
5750,108.89
5751,100.01
5752,92.628
5754,95.371
5755,97.197
5757,93.935
5758,117.46
5760,102.48
5762,102
5766,99.17
5768,97.162
5769,117.4
5770,93.824
5771,110.79
5772,96.891
5773,104.48
5774,93.287
5776,91.369
5777,111.3
5778,92.125
5780,112.05
5782,93.187
5783,77.716
5784,97.227
5786,98.666
5788,98.6
5789,98.494
5790,98.926
5791,105.55
5793,104.76
5794,94.971
5796,116.49
5797,96.796
5801,92.755
5803,96.586
5804,107.37
5805,94.237
5806,77.992
5808,112.35
5813,94.829
5815,93.169
5816,102.01
5822,97.566
5823,111.59
5825,103.29
5827,112.21
5829,102.07
5830,97.961
5831,105.48
5832,95.558
5833,112.35
5837,113.02
5838,93.264
5839,96.714
5842,104.81
5844,111.43
5845,98.337
5846,109.9
5848,77.663
5850,111.29
5851,92.15
5853,97.162
5854,103.81
5858,104.81
5860,111.01
5864,102.89
5866,97.432
5867,112
5868,94.667
5869,111.27
5870,94.45
5871,108.05
5874,113.37
5876,110.89
5877,91.6
5878,94.955
5879,112.35
5880,98.95
5884,93.214
5886,109.16
5890,100.28
5896,99.509
5897,102.34
5898,97.162
5901,105.87
5903,111.63
5906,93.413
5908,111.64
5909,93.958
5910,104.71
5911,94.829
5912,112.59
5914,113.37
5919,111.53
5924,96.036
5926,95.634
5929,103.36
5930,103.89
5932,96.095
5933,109.97
5934,94.997
5935,111.78
5936,96.766
5937,110.28
5938,96.773
5939,109.61
5942,98.77
5943,96.345
5944,101.73
5946,111.21
5951,95.619
5953,102.24
5954,94.88
5957,104.3
5961,98.439
5962,99.623
5964,78.122
5965,97.674
5968,113.5
5969,94.088
5974,93.183
5975,96.114
5978,77.678
5981,104.22
5982,93.69
5983,112.18
5989,107.46
5991,95.55
5992,103.74
5995,104.72
5996,102.14
5997,110.2
5998,93.24
5999,77.507
6001,111.76
6002,98.323
6003,98.81
6004,94.88
6006,112.48
6007,96.96
6011,102.77
6012,103.8
6014,94.88
6015,103.3
6016,93.865
6017,110.86
6018,97.161
6024,94.668
6025,104.63
6026,111.87
6028,106.21
6029,77.974
6030,98.059
6036,113.5
6040,94.375
6041,110.95
6042,93.028
6044,93.435
6045,105.8
6047,106.05
6048,97.195
6049,106.81
6051,116.93
6052,110.67
6053,91.361
6054,110.15
6058,100.37
6059,102.24
6062,97.201
6063,116.64
6064,103.98
6065,94.375
6067,94.428
6068,110.63
6070,102.42
6071,107.27
6072,108.85
6080,108.85
6081,95.935
6084,99.662
6087,97.337
6089,103.84
6092,108.85
6094,93.853
6095,111.34
6097,115.74
6100,99.244
6104,105.47
6105,97.022
6106,106.86
6107,77.483
6108,101.63
6109,108.85
6110,94.867
6114,108.85
6116,96.037
6117,102.9
6118,94.685
6123,77.912
6125,111.56
6128,104.05
6130,103.39
6132,106.95
6137,79.038
6139,110.04
6140,93.552
6141,114.89
6142,106.79
6144,105.97
6145,95.254
6146,99.822
6149,93.004
6156,94.34
6159,110.31
6160,93.552
6162,102.64
6164,107.87
6165,94.218
6168,78.941
6169,111.86
6170,93.271
6171,110.81
6172,91.329
6173,112.57
6176,97.216
6177,91.768
6178,95.385
6180,97.301
6181,105.01
6182,95.943
6185,92.901
6186,109.96
6188,112.02
6189,94.625
6192,99.662
6193,98.585
6194,105.8
6195,95.409
6196,116.86
6197,95.92
6201,111.62
6202,93.902
6203,100.02
6204,96.67
6207,118.13
6209,94.633
6210,98.731
6211,111.28
6213,109.84
6216,91.35
6217,94.693
6219,94.953
6222,77.406
6223,102.54
6235,97.246
6240,93.339
6242,94.084
6247,95.916
6251,108.71
6254,110.89
6255,96.385
6260,102.48
6261,94.88
6262,101.57
6264,108.49
6269,104.62
6271,98.776
6275,109.31
6276,96.36
6278,100.23
6279,111.9
6281,106.43
6284,91.421
6286,92.805
6287,77.752
6288,96.406
6292,93.59
6293,95.791
6295,93.174
6298,111.27
6300,111.49
6304,104.6
6308,112.16
6310,97.81
6312,108.85
6320,95.244
6324,92.561
6325,110.62
6330,98.529
6336,110.09
6340,97.681
6341,97.246
6342,104.71
6344,96.463
6345,107.78
6347,111.96
6348,95.942
6349,111.27
6351,78.138
6353,102.94
6354,95.609
6357,93.351
6358,101.84
6360,103.18
6363,112.96
6364,91.465
6368,111.03
6370,97.401
6371,94.181
6377,93.903
6379,97.668
6381,97.263
6382,77.96
6383,111.96
6388,108.41
6390,111.75
6392,102.07
6393,103.5
6395,93.134
6398,101.44
6401,77.949
6402,92.451
6403,105.67
6405,93.249
6406,91.213
6407,111.4
6409,106.54
6411,93.891
6413,95.34
6416,105.39
6417,104.28
6418,93.985
6419,117.28
6420,111.08
6426,105.68
6429,94.508
6430,95.465
6431,105.67
6432,94.517
6434,96.893
6437,114.78
6438,95.415
6439,104.75
6440,97.646
6441,96.377
6442,109.07
6443,93.332
6445,96.907
6448,111.61
6450,112.16
6453,98.008
6455,98.583
6457,93.413
6458,99.851
6461,95.522
6464,111.56
6467,95.466
6469,100.1
6470,78.544
6471,93.553
6473,104.58
6474,96.007
6479,95.736
6481,96.715
6484,111.12
6495,97.2
6496,112.96
6505,105.5
6506,103.57
6508,97.216
6509,95.271
6510,104.07
6512,104.45
6513,94.829
6514,109.56
6515,97.217
6519,98.031
6521,95.345
6523,78.564
6525,104.89
6526,99.767
6528,97.704
6529,104.8
6531,105.47
6533,99.613
6534,96.132
6535,111.33
6536,95.113
6537,111.44
6540,93.292
6541,111.96
6547,100.29
6548,101.71
6551,111.17
6553,105.61
6555,99.515
6556,97.246
6561,78.963
6564,94.623
6565,111.33
6568,97.253
6569,109.07
6573,99.567
6574,96.311
6577,111.89
6579,112.96
6581,93.971
6582,106.6
6585,107.04
6586,98.619
6589,103.08
6590,78.64
6593,101.34
6594,112.36
6595,92.26
6599,98.246
6600,94.465
6601,112.21
6602,91.465
6603,111.61
6604,93.209
6607,102.17
6608,106.78
6609,95.514
6611,97.497
6613,109.07
6614,92.878
6616,94.695
6617,109.07
6618,94.829
6619,104.19
6621,99.515
6627,103.96
6629,110.42
6631,77.663
6634,94.533
6636,94.605
6638,97.253
6639,109.07
6641,111.07
6642,96.466
6651,116.47
6654,77.85
6657,98.674
6663,93.874
6665,106.87
6666,97.464
6668,94.829
6669,99.592
6670,97.242
6671,92.267
6673,95.952
6675,93.44
6676,77.961
6677,95.866
6679,94.807
6680,108.22
6681,104.07
6685,105.34
6688,96.389
6689,92.965
6690,98.425
6692,109.07
6693,94.927
6694,102.54
6698,117.32
6699,94.592
6700,109.84
6701,93.413
6702,110.15
6704,92.965
6707,106.07
6712,111.57
6713,98.101
6715,99.748
6721,106.53
6722,94.561
6723,109.23
6724,100.78
6725,117.37
6731,110.65
6735,78.638
6736,99.879
6737,111.91
6738,100.15
6739,106.48
6741,103.08
6743,93.025
6745,94.829
6747,105.7
6749,94.228
6750,102.95
6751,117.52
6752,97.299
6753,109.07
6755,112.03
6756,93.718
6757,102.31
6759,109.31
6761,94.169
6763,93.553
6764,117.1
6765,92.554
6766,109.59
6768,112.56
6771,92.965
6773,94.243
6774,100.09
6778,106.36
6779,94.158
6781,92.394
6784,96.244
6786,93.464
6787,96.621
6790,94.007
6793,99.581
6795,109.11
6798,111.09
6806,102.61
6807,104.96
6810,92.907
6815,101.74
6816,94.227
6817,103.43
6818,99.213
6819,106.05
6820,101.31
6822,92.97
6823,116.93
6824,111.86
6825,95.898
6828,77.933
6829,114.66
6831,110.79
6832,92.705
6833,109.94
6834,93.552
6836,96.52
6837,111.3
6838,92.999
6840,100.08
6843,91.761
6845,91.466
6846,94.181
6847,110.32
6851,99.852
6852,94.797
6853,105.03
6858,94.826
6861,110.49
6863,111.94
6864,77.758
6865,95.24
6866,110.88
6867,98.713
6868,105.55
6869,99.915
6870,111.86
6874,101.49
6875,95.578
6877,112.59
6878,95.058
6880,94.181
6883,108.54
6884,94.796
6886,94.084
6890,98.939
6893,110.38
6894,93.544
6899,112.59
6900,97.895
6904,97.034
6905,112.28
6906,93.047
6910,91.854
6912,106.33
6913,116
6920,93.612
6922,94.212
6923,109.11
6926,97.848
6927,108.32
6928,95.589
6931,110.39
6933,96.61
6936,92.672
6937,111.36
6939,95.77
6941,93.154
6942,105
6943,98.398
6944,98.581
6945,96.578
6946,100.17
6947,116.64
6949,105.33
6951,105.64
6953,103.54
6954,94.202
6955,108.17
6963,110.32
6964,97.008
6966,95.353
6968,96.095
6970,104.85
6972,104.96
6976,111.81
6978,110.88
6981,98.103
6985,103.82
6986,92.719
6987,113.93
6989,112.38
6991,116.93
6993,109.32
6994,93.922
6995,112.47
6996,94.971
6997,113.34
6998,77.192
7001,110.61
7003,105.9
7006,96.858
7008,96.445
7010,91.422
7011,92.816
7012,95.674
7013,92.517
7014,112.52
7017,103.79
7018,94.613
7019,91.029
7023,95.396
7024,107.34
7025,92.785
7026,110.83
7027,93.502
7028,110.38
7030,109.11
7031,94.978
7033,111.09
7036,97.506
7037,96.017
7039,93.892
7044,93.896
7045,111.3
7046,101.17
7049,102.3
7050,94.992
7051,104.85
7054,108.61
7055,96.386
7057,94.631
7060,112.59
7061,97.162
7063,91.811
7064,110.98
7067,94.181
7071,94.023
7074,103.76
7075,95.162
7078,111.3
7079,92.766
7080,104
7081,97.266
7082,111.62
7083,95.139
7085,109.67
7092,102.73
7094,100.1
7100,92.338
7101,110.88
7102,110.88
7104,111.83
7105,97.162
7106,94.829
7107,104.5
7108,77.87
7109,94.241
7110,111.36
7112,105.1
7113,104
7114,99.188
7116,111.76
7117,97.216
7118,105.54
7120,96.047
7121,104.15
7123,102.69
7124,97.458
7127,105.68
7131,101.93
7132,99.213
7133,91.466
7134,111.68
7135,92.766
7136,112.96
7137,95.148
7141,93.064
7144,106.56
7147,110.06
7148,95.659
7150,92.76
7151,96.047
7152,102.74
7154,92.583
7156,93.185
7157,107.35
7159,116.64
7161,100.58
7163,91.916
7164,103.06
7167,77.721
7169,104.75
7170,96.561
7173,92.081
7174,103.71
7177,110.26
7178,103.36
7179,92.004
7180,77.588
7181,111.86
7182,96.481
7184,94.829
7185,113.27
7186,97.166
7187,116.86
7188,94.816
7189,113.43
7191,102.21
7193,110.54
7197,93.816
7199,92.687
7200,111.62
7201,92.766
7204,97.848
7207,110.92
7209,111.94
7210,93.713
7211,103.14
7213,92.741
7214,113.34
7216,113.83
7217,96.669
7220,111.28
7224,109.11
7225,95.208
7226,113.83
7227,94.992
7234,113.27
7236,78.202
7239,106.23
7240,93.563
7242,113.24
7244,106.2
7245,93.696
7247,104.93
7248,94.1
7249,116.64
7250,110.04
7251,98.831
7252,108.02
7253,77.977
7256,95.407
7260,93.552
7261,110.68
7264,111.06
7269,110.34
7270,95.913
7273,111.23
7279,95.901
7281,111.96
7284,97.034
7285,112.09
7286,116.47
7287,94.081
7289,94.829
7292,93.833
7293,111.93
7296,95.493
7297,111.6
7298,97.003
7299,112.34
7301,102.67
7304,106.49
7306,105.47
7308,94.829
7309,93.121
7312,92.303
7313,77.977
7314,92.973
7316,96.198
7319,111.91
7321,99.733
7323,97.1
7324,101.76
7325,94.398
7328,100.98
7330,78.17
7334,94.424
7337,113.27
7338,99.925
7339,95.224
7341,94.967
7342,114.71
7344,113.05
7345,109.66
7347,110.54
7349,111.96
7350,97.466
7353,103.05
7355,112.66
7356,96.632
7357,112.16
7358,102.99
7360,95.967
7363,105.58
7364,94.668
7366,103.07
7368,97.183
7369,109.86
7370,93.523
7373,95.577
7374,103.53
7375,99.444
7377,96.183
7379,96.949
7380,117.4
7382,104.45
7383,95.369
7385,99.878
7386,104.55
7391,97.786
7394,98.575
7396,110.04
7397,95.538
7399,96.524
7400,103.93
7403,77.774
7405,109.47
7408,106.31
7414,112.33
7416,104.11
7417,94.233
7419,98.411
7420,98.995
7421,96.875
7422,95.158
7423,102.01
7425,78.695
7430,97.968
7432,96.527
7433,97.64
7434,111.34
7436,108.27
7437,92.049
7438,105.7
7440,103.5
7441,94.681
7442,110.27
7445,98.891
7446,102.12
7448,111.17
7450,99.871
7451,94.829
7454,102.39
7455,95.779
7457,111.36
7459,101.78
7462,98.932
7464,94.829
7465,106.6
7466,95.667
7467,106.85
7469,106.59
7472,93.922
7473,109.07
7479,94.424
7480,104.86
7484,105.83
7491,95.586
7494,104.15
7495,99.956
7501,94.173
7503,92.736
7504,104.92
7505,93.271
7508,111.05
7509,95.219
7510,77.977
7511,109.82
7515,101.56
7516,102.18
7517,93.666
7518,103.49
7519,96.243
7521,99.075
7522,104.13
7524,103.97
7526,103.73
7527,92.905
7528,102.85
7529,95.921
7534,108.08
7537,108.58
7538,97.419
7540,97.851
7541,111.09
7545,111.96
7551,115.8
7553,96.047
7554,102.16
7555,93.683
7561,110.73
7562,95.784
7564,100.48
7565,103.59
7566,95.159
7567,110.49
7569,101.75
7570,95.557
7571,115.99
7572,102.53
7574,100.28
7578,111.97
7579,94.241
7586,91.918
7587,77.403
7590,96.063
7593,109.07
7594,97.858
7595,95.159
7600,94.962
7601,78.595
7602,94.003
7603,109.06
7604,94.788
7606,95.924
7608,114.94
7613,77.987
7615,108.65
7616,108.27
7617,111.54
7618,92.905
7619,104.42
7622,95.54
7623,101.61
7624,104.75
7625,102.9
7626,95.533
7627,102.54
7628,78.668
7631,103.05
7632,105.62
7633,95.004
7634,107.24
7635,93.002
7636,113.34
7637,113.34
7639,95.77
7640,78.05
7644,111.58
7645,93.183
7648,104.61
7649,94.34
7650,111.86
7652,106.6
7653,94.915
7655,95.876
7659,110.61
7662,99.025
7664,93.131
7666,98.409
7668,100.2
7669,108.52
7670,94.214
7672,103.1
7673,109.34
7678,94.953
7679,79.277
7680,100.04
7683,92.165
7685,116.47
7688,94.613
7690,108.27
7692,96.12
7693,98.421
7695,113.27
7696,98.671
7698,95.991
7699,108.73
7702,95.219
7703,114.78
7704,93.99
7707,109.82
7713,78.718
7715,106.31
7717,111.64
7718,97.69
7719,104.78
7721,103.53
7722,98.972
7725,97.236
7727,102.86
7730,78.228
7733,92.895
7735,102.33
7740,113.73
7741,106.01
7742,94.61
7744,104.53
7747,99.967
7750,78.398
7752,111.08
7754,109.62
7756,103.8
7757,96.264
7758,104.69
7760,99.924
7761,96.416
7763,104.28
7765,95.252
7767,113.3
7768,96.912
7771,94.152
7773,92.708
7774,109.53
7776,99.472
7779,95.892
7783,98.195
7786,107.2
7787,98.174
7789,99.34
7791,97.001
7793,99.636
7794,104.83
7795,94.561
7799,77.707
7800,99.006
7802,94.125
7805,105.95
7807,103.01
7808,98.088
7811,105.16
7817,108.03
7818,105.3
7819,94.829
7822,94.931
7823,108.47
7825,110.02
7828,92.23
7832,93.552
7833,77.82
7834,102.82
7835,94.416
7837,95.932
7840,93.61
7842,95.125
7843,109.66
7844,95.882
7846,96.416
7850,92.524
7853,111.46
7855,116.43
7858,100.86
7863,110.65
7865,111.32
7866,99.597
7868,91.547
7869,111.69
7871,77.485
7872,99.311
7874,102.61
7877,111.91
7878,93.183
7879,110.31
7881,94.85
7883,105.88
7885,104.09
7886,95.888
7889,98.372
7890,104.57
7891,98.972
7893,92.572
7894,93.55
7896,111.86
7898,101.75
7901,100.05
7902,110.67
7904,98.313
7905,94.964
7906,104.94
7909,94.829
7910,102.16
7913,98.467
7918,111.5
7919,92.766
7923,93.45
7925,96.39
7927,91.466
7930,100.79
7932,95.922
7933,94.31
7935,93.453
7939,103.04
7942,93.125
7943,108.49
7945,104.78
7946,97.583
7948,98.868
7949,109.07
7950,94.799
7951,113.3
7955,102.68
7959,94.668
7960,113.73
7961,93.245
7962,102.31
7964,100.97
7965,96.831
7966,111.96
7967,104.34
7968,98.301
7971,103.21
7974,92.766
7976,103.47
7978,111.81
7982,113.73
7983,94.829
7984,106.11
7986,93.172
7989,109.07
7991,110.67
7992,107.46
7993,100.07
7994,111.04
7995,93.552
7997,91.73
7998,106.11
7999,108.03
8002,93.383
8007,92.933
8009,101.72
8011,92.735
8013,96.64
8015,104.19
8017,111.14
8019,116.49
8023,101.05
8024,114.36
8026,110.23
8027,94.075
8029,91.916
8030,102.42
8031,92.357
8033,95.665
8035,96.923
8036,95.223
8039,103.4
8042,91.361
8044,94.522
8046,78.555
8048,111.2
8049,94.964
8050,103.61
8053,100.34
8054,94.004
8059,96.186
8061,95.172
8062,113.05
8064,111.88
8066,98.374
8067,93.723
8068,96.004
8070,95.194
8071,111.99
8072,95.868
8076,100.18
8080,93.877
8081,114.41
8084,102.15
8087,107.36
8089,91.382
8090,117.22
8091,104.04
8094,112.71
8100,94.022
8101,97.484
8110,92.384
8111,110.67
8112,94.011
8115,105.39
8116,93.599
8118,111.88
8121,117.08
8125,111.6
8127,100.65
8128,96.697
8129,110.67
8131,95.912
8138,93.267
8139,101.68
8140,96.42
8141,92.708
8142,111.71
8143,105.85
8145,110.23
8146,91.337
8148,112.28
8153,111.04
8154,92.347
8155,107.35
8161,93.306
8162,109.99
8163,95.219
8166,111.51
8168,111.19
8170,96.555
8172,110.54
8173,92.766
8176,104.35
8179,97.88
8181,95.514
8182,116.57
8184,110.11
8190,99.848
8191,99.786
8194,105.36
8196,107.83
8198,108.99
8199,110.79
8201,110.55
8202,95.091
8207,96.831
8208,110.54
8211,111.2
8214,111.46
8217,98.056
8218,99.499
8222,94.062
8229,112.01
8231,92.667
8233,97.863
8236,95.726
8238,112.8
8240,102.88
8243,102.58
8246,99.756
8250,96.501
8254,98.972
8256,77.928
8257,101.5
8258,95.326
8260,94.613
8261,110.84
8263,112.76
8264,93.208
8267,110.55
8268,94.081
8271,93.445
8272,110.54
8275,98.467
8276,97.727
8277,108.02
8278,116.93
8279,101.77
8280,109.8
8281,95.853
8282,105.13
8287,111.34
8288,92.468
8289,111.88
8294,94.908
8296,93.367
8299,107.99
8302,106.54
8308,110.53
8314,102.54
8315,99.889
8316,109.52
8317,92.625
8319,110.76
8320,92.297
8321,118.03
8323,92.774
8325,93.337
8326,110.92
8328,110.54
8330,100.94
8331,93.184
8332,104.3
8334,93.052
8338,95.893
8339,97.594
8341,93.311
8345,111.12
8346,95.514
8347,101.96
8349,96.421
8351,93.211
8352,110.63
8353,110.54
8355,111.03
8358,108.27
8359,100.85
8360,97.331
8361,109.27
8363,101.25
8364,92.922
8365,95.982
8366,104.07
8370,109.77
8372,92.86
8376,96.748
8377,106.55
8379,105.53
8380,93.564
8381,105.68
8386,90.947
8388,103.48
8389,100.14
8391,108.63
8394,98.972
8396,102.95
8398,98.644
8400,114.11
8401,93.303
8404,93.311
8407,95.158
8408,111.96
8409,110.82
8410,102.64
8411,93.807
8413,98.234
8414,110.33
8416,95.226
